City_ID,City,Country,Date,Lat,Lng,Max Temp,Humidity,Cloudiness,Wind Speed
0,Nouadhibou,MR,2022-10-31 20:44:08,20.931,-17.0347,75.18,57,0,9.22
1,Tuktoyaktuk,CA,2022-10-31 20:44:09,69.4541,-133.0374,10.4,79,100,8.05
2,Berlevag,NO,2022-10-31 20:44:09,70.8578,29.0864,37.4,87,75,0.0
3,Asau,RO,2022-10-31 20:44:10,46.4333,26.4,45.52,89,0,3.27
4,Ushuaia,AR,2022-10-31 20:44:10,-54.8,-68.3,46.06,76,75,21.85
5,New Norfolk,AU,2022-10-31 20:44:11,-42.7826,147.0587,48.7,61,91,5.01
6,Jamestown,US,2022-10-31 20:42:08,42.097,-79.2353,60.39,93,100,8.05
7,Rikitea,PF,2022-10-31 20:44:12,-23.1203,-134.9692,70.79,75,100,3.85
8,Nargana,PA,2022-10-31 20:44:12,9.4428,-78.5906,81.72,74,100,4.76
9,Yeniseysk,RU,2022-10-31 20:44:13,58.4497,92.1703,23.7,61,22,5.73
10,Coquimbo,CL,2022-10-31 20:42:19,-29.9533,-71.3436,64.13,59,0,11.5
11,Airai,TL,2022-10-31 20:44:14,-8.9266,125.4092,61.25,93,100,1.5
12,Mataura,NZ,2022-10-31 20:44:14,-46.1927,168.8643,59.49,61,70,3.8
13,Shergarh,IN,2022-10-31 20:44:15,28.65,79.35,66.51,63,0,1.77
14,Makat,KZ,2022-10-31 20:44:16,47.6469,53.3463,51.42,88,100,18.75
15,Saldanha,ZA,2022-10-31 20:44:16,-33.0117,17.9442,64.45,60,10,16.96
16,Petropavlovsk-Kamchatskiy,RU,2022-10-31 20:44:17,53.0452,158.6483,16.39,67,0,2.24
17,Butaritari,KI,2022-10-31 20:44:18,3.0707,172.7902,80.62,76,36,7.9
18,East London,ZA,2022-10-31 20:44:18,-33.0153,27.9116,60.51,74,100,5.35
19,Punta Arenas,CL,2022-10-31 20:44:11,-53.15,-70.9167,51.91,62,75,34.52
20,Sao Joao Do Piaui,BR,2022-10-31 20:44:19,-8.3581,-42.2467,90.63,35,75,3.44
21,Barrow,US,2022-10-31 20:44:19,71.2906,-156.7887,-7.58,84,0,19.57
22,Ahome,MX,2022-10-31 20:44:20,25.9167,-109.1833,84.45,36,0,8.48
23,Lebu,CL,2022-10-31 20:44:21,-37.6167,-73.65,57.69,66,0,22.75
24,Taree,AU,2022-10-31 20:44:21,-31.9,152.4667,66.97,83,99,11.12
25,Gat,IL,2022-10-31 20:39:34,31.61,34.7642,69.82,68,0,4.88
26,Tshikapa,CD,2022-10-31 20:44:22,-6.4167,20.8,70.48,93,70,2.59
27,Hue,VN,2022-10-31 20:44:22,16.4667,107.6,73.51,78,75,6.91
28,Lazaro Cardenas,MX,2022-10-31 20:44:23,17.9583,-102.2,81.7,71,15,7.07
29,Khorixas,NA,2022-10-31 20:44:23,-20.3667,14.9667,72.63,22,91,7.85
30,Codrington,AU,2022-10-31 20:44:24,-38.2667,141.9667,43.54,94,100,9.19
31,Umm Kaddadah,SD,2022-10-31 20:44:24,13.6017,26.6876,82.27,20,67,17.22
32,Kalga,RU,2022-10-31 20:44:25,50.9251,118.898,18.63,65,51,15.75
33,Mabaruma,GY,2022-10-31 20:44:25,8.2,-59.7833,77.58,90,90,5.1
34,Hilo,US,2022-10-31 20:44:26,19.7297,-155.09,80.62,82,75,4.61
35,Sinnamary,GF,2022-10-31 20:44:26,5.3833,-52.95,79.38,83,63,12.77
36,Hithadhoo,MV,2022-10-31 20:44:28,-0.6,73.0833,80.37,73,87,5.73
37,Aklavik,CA,2022-10-31 20:42:23,68.2191,-135.0107,0.75,96,82,3.04
38,Albany,US,2022-10-31 20:40:10,42.6001,-73.9662,62.17,63,99,1.99
39,Hamilton,US,2022-10-31 20:44:29,39.1834,-84.5333,67.77,80,100,11.5
40,Kahului,US,2022-10-31 20:39:48,20.8947,-156.47,86.02,69,20,17.27
41,Waiouru,NZ,2022-10-31 20:44:30,-39.4833,175.6667,59.58,45,50,4.0
42,Linqiong,CN,2022-10-31 20:44:30,30.4159,103.4609,55.22,80,31,2.19
43,Kirkenes,NO,2022-10-31 20:44:31,69.7271,30.0458,37.62,93,0,5.75
44,Mar Del Plata,AR,2022-10-31 20:42:49,-38.0023,-57.5575,53.94,63,75,13.8
45,Aquidauana,BR,2022-10-31 20:42:44,-20.4711,-55.7872,59.4,90,100,12.17
46,Redcar,GB,2022-10-31 20:41:01,54.6166,-1.06,56.84,68,100,7.0
47,Lasa,IT,2022-10-31 20:45:32,46.6166,10.7002,56.28,74,56,3.87
48,Avarua,CK,2022-10-31 20:45:32,-21.2078,-159.775,75.25,78,100,14.97
49,Solnechnyy,RU,2022-10-31 20:45:33,50.7214,136.6319,33.69,97,91,7.27
50,Kamiiso,JP,2022-10-31 20:45:33,41.8167,140.65,53.08,77,98,7.07
51,Aykhal,RU,2022-10-31 20:45:33,66.0,111.5,-6.21,100,100,7.63
52,Champaign,US,2022-10-31 20:44:36,40.1334,-88.2001,57.78,82,100,12.66
53,Khatanga,RU,2022-10-31 20:45:34,71.9667,102.5,25.48,95,100,21.74
54,Atambua,ID,2022-10-31 20:45:35,-9.1061,124.8925,74.8,87,98,3.36
55,Kenai,US,2022-10-31 20:45:35,60.5544,-151.2583,30.15,62,100,11.5
56,Boguchar,RU,2022-10-31 20:45:35,49.9358,40.545,33.21,79,26,14.32
57,Lodwar,KE,2022-10-31 20:45:37,3.1191,35.5973,83.64,48,1,14.5
58,Longyearbyen,SJ,2022-10-31 20:41:28,78.2186,15.6401,30.04,74,75,11.5
59,Cabo San Lucas,MX,2022-10-31 20:45:02,22.8909,-109.9124,84.18,65,6,4.7
60,Tambilil,PH,2022-10-31 20:45:38,5.9622,124.6697,78.93,86,75,3.85
61,Havre-Saint-Pierre,CA,2022-10-31 20:45:39,50.2334,-63.5986,55.76,38,0,9.22
62,Oranjestad,AW,2022-10-31 20:45:40,12.524,-70.027,82.9,83,69,3.0
63,Chokurdakh,RU,2022-10-31 20:45:40,70.6333,147.9167,-17.52,100,64,4.7
64,Namatanai,PG,2022-10-31 20:45:41,-3.6667,152.4333,83.07,70,52,5.37
65,Bluff,NZ,2022-10-31 20:45:41,-46.6,168.3333,59.81,72,67,9.42
66,Corn Island,NI,2022-10-31 20:45:41,12.1694,-83.0418,82.2,74,98,15.82
67,Ciudad Bolivar,VE,2022-10-31 20:45:42,8.1222,-63.5497,85.6,64,87,10.78
68,Puquio,PE,2022-10-31 20:45:42,-14.7,-74.1333,59.86,28,0,12.8
69,Chuy,UY,2022-10-31 20:45:43,-33.6971,-53.4616,53.33,55,14,14.34
70,Monte Plata,DO,2022-10-31 20:45:43,18.807,-69.784,84.02,90,96,4.36
71,San-Pedro,CI,2022-10-31 20:45:44,4.7485,-6.6363,77.59,87,100,4.5
72,Port Elizabeth,ZA,2022-10-31 20:45:44,-33.918,25.5701,57.09,94,75,3.44
73,San Patricio,US,2022-10-31 20:45:44,28.017,-97.5169,78.75,51,100,11.72
74,Coahuayana,MX,2022-10-31 20:45:45,18.7333,-103.6833,85.33,61,2,5.84
75,Port Blair,IN,2022-10-31 20:43:03,11.6667,92.75,79.07,79,18,4.99
76,Olinda,BR,2022-10-31 20:45:45,-8.0089,-34.8553,80.33,69,40,8.05
77,Pontes E Lacerda,BR,2022-10-31 20:40:46,-15.2261,-59.3353,67.33,64,100,10.04
78,Jalu,LY,2022-10-31 20:45:46,29.0331,21.5482,69.13,54,67,10.58
79,Volnovakha,UA,2022-10-31 20:45:47,47.601,37.4967,35.01,69,3,8.86
80,Kodiak,US,2022-10-31 20:45:47,57.79,-152.4072,33.31,34,0,28.77
81,Meulaboh,ID,2022-10-31 20:45:48,4.1363,96.1285,75.74,87,99,3.18
82,Lorengau,PG,2022-10-31 20:45:48,-2.0226,147.2712,83.35,68,26,6.98
83,Vaini,TO,2022-10-31 20:45:48,-21.2,-175.2,78.96,89,75,8.05
84,Waw,SS,2022-10-31 20:45:49,7.7029,27.9953,77.38,70,100,2.51
85,Mahebourg,MU,2022-10-31 20:43:39,-20.4081,57.7,73.69,83,40,6.91
86,Pasni,PK,2022-10-31 20:45:49,25.2631,63.471,78.12,71,0,9.75
87,Tokur,RU,2022-10-31 20:45:50,53.1333,132.9,23.47,98,97,3.49
88,Puerto Ayora,EC,2022-10-31 20:41:01,-0.7393,-90.3518,78.76,94,86,5.01
89,Busselton,AU,2022-10-31 20:45:50,-33.65,115.3333,54.82,82,100,6.73
90,Saint-Philippe,RE,2022-10-31 20:45:51,-21.3585,55.7679,69.39,82,40,13.04
91,Beyneu,KZ,2022-10-31 20:45:51,45.3167,55.2,59.85,49,100,19.53
92,Cape Town,ZA,2022-10-31 20:45:14,-33.9258,18.4232,62.28,58,0,13.0
93,Ribeira Grande,PT,2022-10-31 20:46:52,38.5167,-28.7,59.4,77,40,9.22
94,Shaunavon,CA,2022-10-31 20:46:52,49.6501,-108.4181,53.38,67,100,9.51
95,Upernavik,GL,2022-10-31 20:46:53,72.7868,-56.1549,14.97,70,26,6.85
96,Trairi,BR,2022-10-31 20:44:29,-3.2778,-39.2689,78.8,81,99,12.73
97,San Cristobal,VE,2022-10-31 20:46:53,7.7669,-72.225,80.78,81,53,2.26
98,Si Sa Ket,TH,2022-10-31 20:46:53,14.8333,104.3333,75.87,69,100,16.15
99,Atuona,PF,2022-10-31 20:46:54,-9.8,-139.0333,76.95,75,15,14.09
100,Hermanus,ZA,2022-10-31 20:46:54,-34.4187,19.2345,58.8,69,0,21.92
101,Bengkulu,ID,2022-10-31 20:46:55,-3.8004,102.2655,74.91,86,100,3.33
102,Clyde River,CA,2022-10-31 20:46:55,70.4692,-68.5914,10.63,67,75,12.66
103,Georgetown,MY,2022-10-31 20:42:04,5.4112,100.3354,80.24,89,20,4.61
104,Nokia,FI,2022-10-31 20:46:56,61.4667,23.5,46.38,100,100,4.61
105,Bend,US,2022-10-31 20:44:53,44.0582,-121.3153,58.08,59,0,10.36
106,Winslow,US,2022-10-31 20:46:56,35.0242,-110.6974,60.98,23,0,0.0
107,Finschhafen,PG,2022-10-31 20:46:57,-6.6024,147.8681,82.27,75,93,0.69
108,Srednekolymsk,RU,2022-10-31 20:46:57,67.45,153.6833,-21.55,100,80,1.57
109,Port Alfred,ZA,2022-10-31 20:46:58,-33.5906,26.891,57.18,91,95,10.22
110,Moba,CN,2022-10-31 20:46:58,33.2288,105.0179,45.82,92,65,5.39
111,Shimoda,JP,2022-10-31 20:46:59,34.6667,138.95,58.1,76,100,15.79
112,Sola,VU,2022-10-31 20:46:59,-13.8833,167.55,77.67,100,16,0.0
113,Coihaique,CL,2022-10-31 20:47:00,-45.5752,-72.0662,63.21,22,0,6.91
114,Tiksi,RU,2022-10-31 20:47:00,71.6872,128.8694,3.02,96,95,8.21
115,Morant Bay,JM,2022-10-31 20:47:01,17.8815,-76.4093,78.42,82,93,10.49
116,Ipixuna,BR,2022-10-31 20:47:01,-1.7625,-48.8043,82.17,71,73,9.1
117,Sitka,US,2022-10-31 20:47:02,57.0531,-135.33,42.69,61,20,5.75
118,Bethel,US,2022-10-31 20:44:47,41.3712,-73.414,64.72,62,0,5.75
119,Ojinaga,MX,2022-10-31 20:47:03,29.5667,-104.4167,77.58,40,75,3.44
120,Eureka,US,2022-10-31 20:47:03,40.8021,-124.1637,61.63,83,27,5.99
121,Provideniya,RU,2022-10-31 20:47:04,64.3833,-173.3,21.36,73,100,13.42
122,Dakar,SN,2022-10-31 20:45:55,14.6937,-17.4441,81.48,66,49,6.2
123,Ilulissat,GL,2022-10-31 20:47:05,69.2167,-51.1,19.42,86,75,5.75
124,Lienz,AT,2022-10-31 20:47:05,46.8289,12.769,55.89,83,46,3.85
125,Jacqueville,CI,2022-10-31 20:47:06,5.2052,-4.4146,79.93,82,92,7.34
126,Kirakira,SB,2022-10-31 20:47:06,-10.4544,161.9205,82.15,77,6,2.91
127,Kungurtug,RU,2022-10-31 20:47:07,50.5994,97.5228,10.0,94,56,1.45
128,Nishihara,JP,2022-10-31 20:47:08,26.1842,127.7558,72.68,88,100,23.02
129,Awbari,LY,2022-10-31 20:47:08,26.5921,12.7805,66.79,36,84,2.33
130,Port Augusta,AU,2022-10-31 20:47:09,-32.5,137.7667,49.3,69,100,21.03
131,Chumikan,RU,2022-10-31 20:47:09,54.7183,135.315,33.12,98,100,10.38
132,Severo-Kurilsk,RU,2022-10-31 20:47:11,50.6789,156.125,36.86,74,12,17.6
133,Champerico,GT,2022-10-31 20:47:12,14.3,-91.9167,90.14,66,12,4.43
134,Mao,ES,2022-10-31 20:47:12,39.8885,4.2658,70.36,83,20,9.22
135,Tura,IN,2022-10-31 20:48:13,25.5198,90.2201,66.99,91,1,3.78
136,Hobart,AU,2022-10-31 20:48:13,-42.8794,147.3294,49.86,70,20,5.75
137,Mount Gambier,AU,2022-10-31 20:48:14,-37.8333,140.7667,43.74,96,100,3.44
138,Aksu,CN,2022-10-31 20:48:14,41.1231,80.2644,47.66,37,25,1.68
139,Zaysan,KZ,2022-10-31 20:48:14,47.4667,84.8667,36.59,80,59,4.41
140,Saint-Pierre,RE,2022-10-31 20:48:15,-21.3393,55.4781,71.91,73,0,3.44
141,Kudahuvadhoo,MV,2022-10-31 20:48:15,2.6708,72.8944,78.17,81,100,7.27
142,Ostersund,SE,2022-10-31 20:48:16,63.1792,14.6357,38.61,100,41,5.99
143,Kununurra,AU,2022-10-31 20:45:31,-15.7667,128.7333,84.18,24,7,10.36
144,Arraial Do Cabo,BR,2022-10-31 20:48:16,-22.9661,-42.0278,84.16,74,20,8.05
145,San Jeronimo,PE,2022-10-31 20:48:17,-11.9472,-75.2829,60.19,52,66,10.02
146,Nikolskoye,RU,2022-10-31 20:48:17,59.7035,30.7861,32.79,82,97,2.55
147,Bathsheba,BB,2022-10-31 20:48:18,13.2167,-59.5167,86.61,74,40,18.41
148,Nioro,GM,2022-10-31 20:48:18,13.35,-15.75,80.49,49,0,5.75
149,Atar,MR,2022-10-31 20:48:18,20.5169,-13.0499,82.4,12,0,6.93
150,Remanso,BR,2022-10-31 20:48:19,-9.6179,-42.0831,84.29,45,15,5.66
151,Loubomo,CG,2022-10-31 20:48:21,-4.1997,12.6739,74.55,88,65,2.21
152,Kloulklubed,PW,2022-10-31 20:48:21,7.0419,134.2556,77.5,73,100,12.39
153,Lagoa,PT,2022-10-31 20:48:22,39.05,-27.9833,61.95,62,36,5.79
154,Saint George,US,2022-10-31 20:45:41,37.1041,-113.5841,69.94,23,0,3.0
155,Castro,BR,2022-10-31 20:48:22,-24.7911,-50.0119,64.22,93,89,4.7
156,Lufilufi,WS,2022-10-31 20:48:23,-13.8745,-171.5986,76.78,79,98,15.32
157,Dikson,RU,2022-10-31 20:48:23,73.5069,80.5464,26.29,97,100,13.62
158,Sur,OM,2022-10-31 20:48:23,22.5667,59.5289,78.73,52,5,8.32
159,Caruray,PH,2022-10-31 20:48:24,10.3094,119.0128,77.61,93,100,2.24
160,Tres Arroyos,AR,2022-10-31 20:48:24,-38.3739,-60.2798,55.2,43,6,12.84
161,Ucluelet,CA,2022-10-31 20:48:25,48.9329,-125.5528,51.1,82,90,7.0
162,Jiaocheng,CN,2022-10-31 20:48:25,24.6774,116.1389,68.63,56,100,6.02
163,Ancud,CL,2022-10-31 20:48:25,-41.8697,-73.8203,54.95,63,0,3.51
164,Ostrovnoy,RU,2022-10-31 20:48:26,68.0531,39.5131,34.81,80,90,5.97
165,Qaanaaq,GL,2022-10-31 20:48:26,77.484,-69.3632,5.27,67,86,7.49
166,Pimentel,PE,2022-10-31 20:48:27,-6.8367,-79.9342,68.29,64,20,20.71
167,Tuatapere,NZ,2022-10-31 20:48:27,-46.1333,167.6833,60.35,65,84,8.52
168,Tasiilaq,GL,2022-10-31 20:48:28,65.6145,-37.6368,33.96,97,100,11.5
169,Blagoyevo,RU,2022-10-31 20:48:28,63.3667,47.9167,30.96,89,99,8.59
170,Bredasdorp,ZA,2022-10-31 20:48:29,-34.5322,20.0403,57.81,68,0,15.52
171,Carnarvon,AU,2022-10-31 20:48:29,-24.8667,113.6333,61.43,52,0,20.42
172,Acarau,BR,2022-10-31 20:48:29,-2.8856,-40.12,79.34,82,92,16.89
173,Sabang,ID,2022-10-31 20:48:30,5.8933,95.3214,80.85,70,100,5.39
174,Korla,CN,2022-10-31 20:48:30,41.7597,86.1469,47.7,39,100,4.05
175,Kysyl-Syr,RU,2022-10-31 20:48:31,63.8986,122.7617,5.04,97,100,3.18
176,Yellowknife,CA,2022-10-31 20:45:41,62.456,-114.3525,14.56,85,100,10.0
177,Kapaa,US,2022-10-31 20:48:31,22.0752,-159.319,82.38,75,75,18.41
178,Khani,GE,2022-10-31 20:49:32,41.9563,42.9566,44.17,95,98,2.91
179,Poum,NC,2022-10-31 20:49:32,-20.2333,164.0167,78.24,76,7,15.99
180,Grand Gaube,MU,2022-10-31 20:49:32,-20.0064,57.6608,73.8,73,10,5.01
181,Vila Velha,BR,2022-10-31 20:49:33,-20.3297,-40.2925,80.55,87,40,16.11
182,Merauke,ID,2022-10-31 20:49:33,-8.4667,140.3333,80.47,83,92,6.42
183,Roebourne,AU,2022-10-31 20:49:33,-20.7833,117.1333,68.65,20,3,16.51
184,Kailua,US,2022-10-31 20:45:27,21.4022,-157.7394,85.98,73,31,4.0
185,Itoman,JP,2022-10-31 20:49:34,26.1247,127.6694,73.42,88,75,23.02
186,Lyngseidet,NO,2022-10-31 20:49:34,69.5763,20.2189,35.6,90,100,10.31
187,Broadstairs,GB,2022-10-31 20:48:13,51.3591,1.4394,61.79,91,100,5.99
188,Grindavik,IS,2022-10-31 20:49:35,63.8424,-22.4338,43.27,100,100,20.71
189,Ponta Do Sol,PT,2022-10-31 20:49:35,32.6667,-17.1,73.0,90,100,2.48
190,Esfarayen,IR,2022-10-31 20:49:36,37.0765,57.5101,49.66,50,72,5.93
191,Buraydah,SA,2022-10-31 20:49:36,26.326,43.975,70.25,17,55,10.27
192,Colesberg,ZA,2022-10-31 20:49:37,-30.72,25.0972,53.42,63,40,19.1
193,At-Bashi,KG,2022-10-31 20:49:37,41.1702,75.8106,31.26,72,27,2.8
194,Victoria,HK,2022-10-31 20:49:02,22.2855,114.1577,76.32,54,100,24.0
195,Nome,US,2022-10-31 20:49:38,64.5011,-165.4064,8.67,85,0,0.0
196,Porto Santo,PT,2022-10-31 20:49:39,33.072,-16.3415,70.18,88,20,9.22
197,Sairang,IN,2022-10-31 20:49:43,23.8,92.6667,67.93,91,0,2.33
198,Zitlala,MX,2022-10-31 20:49:43,17.6333,-99.0833,69.33,65,46,4.7
199,Pacific Grove,US,2022-10-31 20:49:44,36.6177,-121.9166,65.25,84,40,8.05
200,Bandarbeyla,SO,2022-10-31 20:49:44,9.4942,50.8122,78.73,79,15,5.77
201,Biak,ID,2022-10-31 20:49:44,-0.9131,122.8766,76.62,81,71,1.21
202,Porto Novo,BJ,2022-10-31 20:49:45,6.4965,2.6036,82.22,82,2,5.37
203,Takestan,IR,2022-10-31 20:49:45,36.0696,49.6959,51.93,71,86,1.52
204,Kavieng,PG,2022-10-31 20:49:46,-2.5744,150.7967,83.37,69,48,10.18
205,Hambantota,LK,2022-10-31 20:49:46,6.1241,81.1185,78.08,85,97,8.75
206,Bagn,NO,2022-10-31 20:49:46,60.8225,9.5521,44.08,92,40,2.17
207,Leh,IN,2022-10-31 20:49:47,34.1667,77.5833,31.66,65,42,4.36
208,Taoudenni,ML,2022-10-31 20:49:47,22.6783,-3.9836,82.63,10,100,8.46
209,Deputatskiy,RU,2022-10-31 20:49:48,69.3,139.9,-16.74,84,50,2.08
210,Vila Franca Do Campo,PT,2022-10-31 20:49:48,37.7167,-25.4333,59.2,70,14,2.08
211,North Platte,US,2022-10-31 20:49:48,41.1239,-100.7654,71.49,18,0,11.01
212,Bambous Virieux,MU,2022-10-31 20:49:49,-20.3428,57.7575,73.65,83,40,6.91
213,Skjervoy,NO,2022-10-31 20:49:49,70.0311,20.9714,35.6,82,100,12.03
214,Kalat,PK,2022-10-31 20:49:50,29.0225,66.5916,55.8,35,0,1.88
215,Thompson,CA,2022-10-31 20:47:11,55.7435,-97.8558,39.36,75,75,14.97
216,Maldonado,UY,2022-10-31 20:49:50,-34.6667,-54.9167,56.59,65,92,11.07
217,Pevek,RU,2022-10-31 20:49:51,69.7008,170.3133,6.98,95,100,5.03
218,Kirkenaer,NO,2022-10-31 20:49:51,60.4564,12.0582,46.04,98,85,2.3
219,Luorong,CN,2022-10-31 20:49:51,24.4058,109.6086,60.55,62,93,7.02
220,High Prairie,CA,2022-10-31 20:49:52,55.4334,-116.4858,42.49,31,8,2.73
221,Panjakent,TJ,2022-10-31 20:49:52,39.4952,67.6093,51.91,45,0,6.02
222,Iqaluit,CA,2022-10-31 20:49:53,63.7506,-68.5145,17.33,73,100,9.22
223,Salinopolis,BR,2022-10-31 20:49:53,-0.6136,-47.3561,81.32,75,94,13.89
224,Altamira,BR,2022-10-31 20:48:28,-3.2033,-52.2064,91.49,58,20,3.44
225,Salalah,OM,2022-10-31 20:50:54,17.0151,54.0924,76.5,68,2,1.9
226,Mattru,SL,2022-10-31 20:50:54,7.6244,-11.8332,74.8,95,76,2.91
227,Rio Grande,BR,2022-10-31 20:50:20,-32.035,-52.0986,60.91,55,100,20.83
228,Fare,PF,2022-10-31 20:50:55,-16.7,-151.0167,79.11,75,93,8.25
229,Flin Flon,CA,2022-10-31 20:50:55,54.7682,-101.865,42.64,49,100,14.97
230,Pangnirtung,CA,2022-10-31 20:50:56,66.1451,-65.7125,14.0,67,20,18.41
231,Chara,RU,2022-10-31 20:50:56,56.9064,118.2631,16.56,77,100,5.55
232,Broken Hill,AU,2022-10-31 20:49:43,-31.95,141.4333,49.87,68,62,27.07
233,Manggar,ID,2022-10-31 20:50:56,-2.8833,108.2667,78.73,82,100,1.12
234,Norman Wells,CA,2022-10-31 20:50:57,65.282,-126.8329,6.84,72,75,19.57
235,Muromtsevo,RU,2022-10-31 20:50:57,56.3724,75.2418,22.51,94,67,5.39
236,Naryan-Mar,RU,2022-10-31 20:50:58,67.6713,53.087,33.89,98,100,16.22
237,Tromso,NO,2022-10-31 20:50:58,69.6496,18.957,39.22,93,75,11.5
238,Port Lincoln,AU,2022-10-31 20:50:58,-34.7333,135.8667,50.97,69,87,30.31
239,Raton,US,2022-10-31 20:50:59,36.9034,-104.4391,64.33,19,0,10.36
240,Saskylakh,RU,2022-10-31 20:50:59,71.9167,114.0833,-0.04,90,66,10.8
241,Praia Da Vitoria,PT,2022-10-31 20:51:00,38.7333,-27.0667,59.25,82,20,2.64
242,Atikokan,CA,2022-10-31 20:51:00,48.7555,-91.6216,54.46,41,89,8.63
243,Meadow Lake,US,2022-10-31 20:51:01,34.8014,-106.5436,66.61,21,0,4.43
244,Chengde,CN,2022-10-31 20:51:01,40.9725,117.9361,33.35,39,0,3.91
245,Kaitangata,NZ,2022-10-31 20:51:01,-46.2817,169.8464,59.04,67,46,2.26
246,Alyangula,AU,2022-10-31 20:51:02,-13.8483,136.4192,82.83,76,84,15.88
247,Guerrero Negro,MX,2022-10-31 20:51:02,27.9769,-114.0611,79.03,34,17,6.87
248,Kaeo,NZ,2022-10-31 20:50:10,-35.1,173.7833,68.32,80,16,0.89
249,Kamenka,RU,2022-10-31 20:51:03,51.3223,42.7678,32.29,98,99,12.68
250,Sorland,NO,2022-10-31 20:51:03,67.667,12.6934,48.06,96,100,17.6
251,Yulara,AU,2022-10-31 20:51:04,-25.2406,130.9889,53.58,44,0,11.99
252,Vostok,RU,2022-10-31 20:51:04,46.4856,135.8833,34.95,91,100,3.58
253,Pascagoula,US,2022-10-31 20:46:34,30.3658,-88.5561,75.24,65,100,3.44
254,Comodoro Rivadavia,AR,2022-10-31 20:49:17,-45.8667,-67.5,67.86,24,0,13.8
255,Kiunga,PG,2022-10-31 20:51:05,-6.1219,141.2906,73.78,100,100,2.19
256,Knysna,ZA,2022-10-31 20:51:06,-34.0363,23.0471,56.01,84,5,7.54
257,Santa Isabel Do Rio Negro,BR,2022-10-31 20:51:06,-0.4139,-65.0192,85.71,63,100,3.85
258,Tessalit,ML,2022-10-31 20:51:07,20.1986,1.0114,76.48,18,97,10.63
259,Xinqing,CN,2022-10-31 20:51:07,48.2333,129.5,29.37,81,12,9.24
260,Along,IN,2022-10-31 20:51:07,28.1667,94.7667,57.6,88,2,1.48
261,Sibolga,ID,2022-10-31 20:51:08,1.7427,98.7792,74.55,95,100,1.81
262,Anadyr,RU,2022-10-31 20:51:08,64.75,177.4833,1.9,84,20,17.9
263,Cherskiy,RU,2022-10-31 20:49:56,68.75,161.3,-13.95,100,98,5.7
264,Bexhill,AU,2022-10-31 20:51:09,-28.7667,153.35,71.64,85,40,19.57
265,Pathein,MM,2022-10-31 20:51:10,16.7833,94.7333,74.08,91,0,1.83
266,Mairinque,BR,2022-10-31 20:50:22,-23.5458,-47.1833,69.49,96,100,5.26
267,Jieshi,CN,2022-10-31 20:51:10,22.8134,115.8257,72.25,65,100,24.11
268,Da Lat,VN,2022-10-31 20:51:11,11.9465,108.4419,55.9,77,100,1.83
269,Dahod,IN,2022-10-31 20:51:11,22.8333,74.2667,68.11,46,0,6.64
270,Quelimane,MZ,2022-10-31 20:51:12,-17.8786,36.8883,77.61,89,24,6.71
271,Maba,CN,2022-10-31 20:51:13,24.6841,113.5984,58.82,71,100,3.89
272,Abu Kamal,SY,2022-10-31 20:51:14,34.4506,40.9171,70.27,30,0,5.95
273,Kalmunai,LK,2022-10-31 20:51:15,7.4167,81.8167,77.92,85,94,5.44
274,Katsuura,JP,2022-10-31 20:51:15,35.1333,140.3,60.78,69,100,9.57
275,Shingu,JP,2022-10-31 20:52:15,33.7333,135.9833,65.3,84,100,14.56
276,Vestmannaeyjar,IS,2022-10-31 20:52:16,63.4427,-20.2734,44.87,69,100,16.37
277,Caconda,AO,2022-10-31 20:52:17,-13.7333,15.0667,63.7,72,16,1.61
278,Narsaq,GL,2022-10-31 20:52:18,60.9167,-46.05,11.37,75,4,6.69
279,Price,US,2022-10-31 20:52:18,39.5994,-110.8107,60.12,22,0,5.75
280,Toowoomba,AU,2022-10-31 20:52:18,-27.55,151.9667,61.25,94,100,5.99
281,Angoche,MZ,2022-10-31 20:52:19,-16.2325,39.9086,76.6,82,2,10.22
282,Falkenberg,SE,2022-10-31 20:52:19,56.9055,12.4912,51.26,100,100,4.85
283,Oliveira Do Hospital,PT,2022-10-31 20:52:20,40.3618,-7.8601,56.23,95,57,2.35
284,Carutapera,BR,2022-10-31 20:52:20,-1.195,-46.02,79.95,76,97,10.18
285,Talnakh,RU,2022-10-31 20:52:21,69.4865,88.3972,18.77,91,100,13.82
286,Iranshahr,IR,2022-10-31 20:52:22,27.2025,60.6848,73.74,33,0,4.61
287,Larap,PH,2022-10-31 20:52:22,14.299,122.6504,78.85,88,100,8.01
288,Kodinsk,RU,2022-10-31 20:52:23,58.6881,99.1844,21.51,72,72,2.39
289,Mildura,AU,2022-10-31 20:52:23,-34.2,142.15,48.07,92,92,21.34
290,Moerai,PF,2022-10-31 20:52:23,-22.4333,-151.3333,72.25,78,100,27.11
291,Foshan,CN,2022-10-31 20:52:24,23.0268,113.1315,71.64,44,100,17.07
292,Jardim,BR,2022-10-31 20:52:24,-21.4803,-56.1381,56.62,87,100,14.94
293,Klaksvik,FO,2022-10-31 20:52:25,62.2266,-6.589,49.12,79,100,30.85
294,Ketchikan,US,2022-10-31 20:52:25,55.3422,-131.6461,41.14,75,100,8.05
295,Agas,RO,2022-10-31 20:52:26,46.4833,26.2167,49.86,93,0,3.49
296,Koutiala,ML,2022-10-31 20:52:26,12.3917,-5.4642,81.5,30,22,7.61
297,Vao,NC,2022-10-31 20:52:27,-22.6667,167.4833,73.53,75,5,10.51
298,Alenquer,BR,2022-10-31 20:52:27,-1.9417,-54.7383,88.12,54,100,2.84
299,Pitimbu,BR,2022-10-31 20:52:28,-7.4706,-34.8086,81.19,72,4,10.18
300,Ciudad Guayana,VE,2022-10-31 20:52:28,8.3533,-62.6528,81.52,80,94,5.35
301,Pisco,PE,2022-10-31 20:52:28,-13.7,-76.2167,66.25,72,0,10.36
302,College,US,2022-10-31 20:52:29,64.8569,-147.8028,8.8,87,100,0.0
303,Tilichiki,RU,2022-10-31 20:52:29,60.4667,166.1,-1.07,87,2,10.96
304,Mitsamiouli,KM,2022-10-31 20:52:30,-11.3847,43.2844,76.96,78,2,12.3
305,Bodden Town,KY,2022-10-31 20:52:30,19.2833,-81.25,87.8,73,20,11.5
306,San Clemente,US,2022-10-31 20:51:29,33.427,-117.612,87.26,71,99,3.0
307,Lompoc,US,2022-10-31 20:52:31,34.6391,-120.4579,69.94,70,0,8.05
308,Vardo,NO,2022-10-31 20:52:31,70.3705,31.1107,37.38,87,75,14.97
309,Lata,PT,2022-10-31 20:52:31,40.1629,-8.3327,58.91,88,95,3.78
310,Katesh,TZ,2022-10-31 20:52:32,-4.5167,35.3833,62.26,72,37,9.31
311,Kavaratti,IN,2022-10-31 20:52:32,10.5669,72.642,82.11,72,15,6.87
312,Taltal,CL,2022-10-31 20:52:33,-25.4,-70.4833,65.19,59,22,5.84
313,Yeppoon,AU,2022-10-31 20:52:33,-23.1333,150.7333,74.98,82,88,7.49
314,Urgut,UZ,2022-10-31 20:52:33,39.4022,67.2431,42.42,62,0,2.44
315,Atherton,GB,2022-10-31 20:52:34,53.5237,-2.4935,54.9,91,100,1.99
316,Auki,SB,2022-10-31 20:52:34,-8.7676,160.7034,80.56,81,56,2.01
317,Martapura,ID,2022-10-31 20:52:35,-3.4167,114.85,77.09,100,20,1.14
318,Haines Junction,CA,2022-10-31 20:52:35,60.7522,-137.5108,19.35,63,100,9.22
319,Brae,GB,2022-10-31 20:52:36,60.3964,-1.353,54.09,89,100,21.18
320,Naze,JP,2022-10-31 20:52:36,28.3667,129.4833,67.12,92,100,22.59
321,Senanga,ZM,2022-10-31 20:53:37,-16.1167,23.2667,72.48,65,90,8.01
322,Maebaru,JP,2022-10-31 20:53:37,33.55,130.2,61.72,73,100,6.93
323,Sisimiut,GL,2022-10-31 20:53:37,66.9395,-53.6735,22.51,87,99,4.32
324,Kurmanayevka,RU,2022-10-31 20:53:38,52.5093,52.0675,32.47,81,99,5.21
325,Namibe,AO,2022-10-31 20:53:38,-15.1961,12.1522,73.51,62,1,9.13
326,Harper,LR,2022-10-31 20:53:39,4.375,-7.7169,77.83,85,74,6.04
327,Fortuna,US,2022-10-31 20:53:39,40.5982,-124.1573,61.36,80,0,3.44
328,Madang,PG,2022-10-31 20:53:40,-5.2246,145.7966,78.71,88,59,0.54
329,Bilma,NE,2022-10-31 20:53:40,18.6853,12.9164,74.26,20,0,7.02
330,Oistins,BB,2022-10-31 20:53:40,13.0667,-59.5333,86.09,74,40,18.41
331,Mersing,MY,2022-10-31 20:53:41,2.4312,103.8405,78.71,89,40,4.61
332,Mandalgovi,MN,2022-10-31 20:53:41,45.7625,106.2708,24.93,43,97,3.91
333,Ukiah,US,2022-10-31 20:51:09,39.1502,-123.2078,78.44,42,0,3.44
334,North Bend,US,2022-10-31 20:53:42,43.4065,-124.2243,62.24,96,100,9.22
335,Kruisfontein,ZA,2022-10-31 20:53:42,-34.0033,24.7314,54.88,83,30,4.83
336,El Silencio,VE,2022-10-31 20:53:43,10.5,-66.9167,74.25,65,85,10.36
337,Kosterevo,RU,2022-10-31 20:53:43,55.9299,39.6144,36.21,89,100,12.97
338,Tumarbong,PH,2022-10-31 20:53:44,10.3766,119.4579,78.15,93,100,11.27
339,Orocue,CO,2022-10-31 20:53:44,4.7912,-71.3354,85.12,67,90,5.93
340,Karratha,AU,2022-10-31 20:53:44,-20.7377,116.8463,68.22,21,3,13.85
341,Rabo De Peixe,PT,2022-10-31 20:53:45,37.8,-25.5833,58.28,96,40,5.75
342,Hays,US,2022-10-31 20:51:01,30.0502,-98.0336,79.25,45,100,4.0
343,Torbay,CA,2022-10-31 20:53:45,47.6666,-52.7314,53.58,78,75,28.77
344,Puerto Del Rosario,ES,2022-10-31 20:53:46,28.5004,-13.8627,73.15,83,20,8.05
345,Yurovka,RU,2022-10-31 20:53:46,45.1147,37.4188,44.1,70,40,8.95
346,Strathmore,CA,2022-10-31 20:53:47,51.0501,-113.3852,42.87,52,100,4.61
347,Bulgan,MN,2022-10-31 20:53:47,48.8125,103.5347,17.44,82,85,3.53
348,Bomi,SL,2022-10-31 20:53:47,7.2461,-11.5258,74.86,94,52,2.06
349,Waipawa,NZ,2022-10-31 20:53:48,-41.4122,175.5153,60.55,56,1,13.76
350,Hegang,CN,2022-10-31 20:53:48,47.4,130.3667,31.87,83,2,9.24
351,Chistogorskiy,RU,2022-10-31 20:53:49,53.9835,87.3843,34.29,97,100,4.12
352,Dubbo,AU,2022-10-31 20:53:49,-32.25,148.6167,53.73,87,75,13.8
353,Twin Falls,US,2022-10-31 20:53:50,42.3505,-114.6445,61.93,24,59,4.76
354,Jacmel,HT,2022-10-31 20:53:50,18.2342,-72.5347,89.44,77,98,6.15
355,Bara,NG,2022-10-31 20:53:50,10.3744,10.7288,78.87,30,3,6.73
356,Trat,TH,2022-10-31 20:53:51,12.5,102.5,78.87,84,100,7.78
357,Westport,US,2022-10-31 20:50:29,41.1415,-73.3579,64.72,70,0,8.05
358,Fort Wellington,GY,2022-10-31 20:53:51,6.4,-57.6,80.98,79,41,11.3
359,Portland,US,2022-10-31 20:51:31,45.5234,-122.6762,56.89,94,100,5.01
360,Ushtobe,KZ,2022-10-31 20:53:52,45.2514,77.9838,45.55,71,70,3.58
361,San Policarpo,PH,2022-10-31 20:53:53,12.1791,125.5072,81.18,85,6,8.46
362,Surgut,RU,2022-10-31 20:53:53,61.25,73.4167,28.58,79,0,11.18
363,Pavino,RU,2022-10-31 20:53:53,59.1139,46.1414,33.87,97,100,9.71
364,Roald,NO,2022-10-31 20:53:54,62.5833,6.1333,58.12,58,40,5.75
365,Malatya,TR,2022-10-31 20:53:54,38.5,38.0,51.85,33,0,9.22
366,Cidreira,BR,2022-10-31 20:53:55,-30.1811,-50.2056,55.74,86,100,20.76
367,Sechura,PE,2022-10-31 20:53:55,-5.5569,-80.8222,75.63,54,20,18.03
368,Saint-Joseph,RE,2022-10-31 20:53:55,-21.3667,55.6167,68.38,80,20,11.99
369,Broome,US,2022-10-31 20:53:56,42.2506,-75.833,60.17,77,100,4.34
370,Najran,SA,2022-10-31 20:52:47,17.4924,44.1277,66.85,33,48,1.19
371,Gamba,GA,2022-10-31 20:54:56,-2.65,10.0,77.65,91,70,4.0
372,Touros,BR,2022-10-31 20:53:14,-5.1989,-35.4608,78.12,72,58,13.8
373,Derzhavinsk,KZ,2022-10-31 20:54:57,51.1,66.3167,40.51,82,100,21.52
374,Batticaloa,LK,2022-10-31 20:54:57,7.7102,81.6924,78.35,83,93,3.87
375,Placido De Castro,BR,2022-10-31 20:54:58,-10.3353,-67.1856,90.36,50,74,3.15
376,Rebrikha,RU,2022-10-31 20:54:58,53.0733,82.3408,31.33,91,99,7.45
377,Niesky,DE,2022-10-31 20:54:58,51.2924,14.8211,56.75,95,100,4.47
378,Pouebo,NC,2022-10-31 20:54:59,-20.4,164.5667,77.61,74,20,7.56
379,Acapulco,MX,2022-10-31 20:52:32,16.8634,-99.8901,84.43,67,1,6.87
380,Dovers,VC,2022-10-31 20:54:59,12.8833,-61.1833,83.79,85,56,16.64
381,Bilibino,RU,2022-10-31 20:55:00,68.0546,166.4372,-24.14,100,98,1.12
382,Antequera,ES,2022-10-31 20:55:00,37.0194,-4.5612,67.44,49,100,1.83
383,Ouesso,CG,2022-10-31 20:55:01,1.6136,16.0517,70.5,99,100,1.25
384,Seoul,KR,2022-10-31 20:50:08,37.5683,126.9778,51.24,97,40,2.3
385,Bheramara,BD,2022-10-31 20:55:01,24.0232,88.9925,72.03,79,0,6.04
386,Banamba,ML,2022-10-31 20:55:02,13.55,-7.45,78.48,26,93,5.86
387,Kashi,CN,2022-10-31 20:55:02,39.4547,75.9797,47.41,42,3,6.71
388,Spas-Demensk,RU,2022-10-31 20:55:03,54.4122,34.0226,33.76,74,93,8.75
389,Isla Vista,US,2022-10-31 20:55:03,34.4133,-119.861,85.3,65,100,4.32
390,Preobrazheniye,RU,2022-10-31 20:55:04,42.9019,133.9064,48.96,95,100,4.18
391,Myrtle Beach,US,2022-10-31 20:53:38,33.6891,-78.8867,77.34,87,0,8.05
392,Hofn,IS,2022-10-31 20:55:04,64.2539,-15.2082,44.22,97,99,17.65
393,Palmer,US,2022-10-31 20:53:22,42.1584,-72.3287,65.68,60,93,1.01
394,Kernersville,US,2022-10-31 20:55:05,36.1199,-80.0736,67.21,97,100,5.75
395,Acajutla,SV,2022-10-31 20:55:07,13.5928,-89.8275,84.2,64,48,6.02
396,Mehamn,NO,2022-10-31 20:55:07,71.0357,27.8492,37.35,87,75,8.05
397,Zhigansk,RU,2022-10-31 20:55:08,66.7697,123.3711,-7.94,100,97,4.23
398,Nyagan,RU,2022-10-31 20:55:08,62.1406,65.3936,29.55,96,100,6.04
399,Matara,LK,2022-10-31 20:55:08,5.9485,80.5353,76.77,89,98,7.78
400,Axim,GH,2022-10-31 20:53:54,4.8699,-2.2405,78.55,84,26,3.67
401,Hasaki,JP,2022-10-31 20:51:20,35.7333,140.8333,54.21,69,100,12.71
402,Komsomolskiy,UZ,2022-10-31 20:55:09,40.4272,71.7189,45.32,87,37,6.91
403,Port Hardy,CA,2022-10-31 20:52:39,50.6996,-127.4199,46.58,76,75,10.36
404,Port-Cartier,CA,2022-10-31 20:54:00,50.0334,-66.8654,52.02,63,95,5.14
405,Tongchuan,CN,2022-10-31 20:55:10,35.0806,109.0897,49.32,52,0,4.16
406,Waingapu,ID,2022-10-31 20:55:10,-9.6567,120.2641,79.2,79,14,3.94
407,La Asuncion,VE,2022-10-31 20:55:11,11.0333,-63.8628,81.41,79,21,15.17
408,Tocopilla,CL,2022-10-31 20:55:12,-22.092,-70.1979,66.52,60,18,4.61
409,Marawi,PH,2022-10-31 20:55:12,7.9986,124.2928,68.86,82,73,2.24
410,Dunedin,NZ,2022-10-31 20:55:13,-45.8742,170.5036,59.81,75,8,1.99
411,Hermagor,AT,2022-10-31 20:55:13,46.6272,13.3672,58.33,73,76,2.98
412,Roros,NO,2022-10-31 20:55:13,62.5747,11.3842,31.84,100,100,2.3
413,Mount Isa,AU,2022-10-31 20:55:14,-20.7333,139.5,69.57,60,3,10.36
414,Nacogdoches,US,2022-10-31 20:56:14,31.6002,-94.6335,75.06,59,72,2.64
415,Umm Lajj,SA,2022-10-31 20:56:15,25.0213,37.2685,79.68,64,73,5.55
416,Havoysund,NO,2022-10-31 20:56:15,70.9963,24.6622,39.43,77,100,9.82
417,Weston,US,2022-10-31 20:51:49,26.1004,-80.3998,88.02,68,0,9.22
418,Chute-Aux-Outardes,CA,2022-10-31 20:56:16,49.1168,-68.399,48.18,71,0,4.61
419,Mbuji-Mayi,CD,2022-10-31 20:56:16,-6.15,23.6,71.29,93,90,2.08
420,Mulchen,CL,2022-10-31 20:56:17,-37.7167,-72.2333,76.86,21,0,8.21
421,Sibi,PK,2022-10-31 20:56:17,29.5448,67.8764,78.64,28,1,4.03
422,Oga,IT,2022-10-31 20:56:17,46.4631,10.347,48.02,78,74,5.59
423,Astoria,US,2022-10-31 20:52:40,46.1879,-123.8313,55.47,93,75,5.75
424,Emba,KZ,2022-10-31 20:56:18,48.8264,58.1442,48.76,76,100,22.32
425,Souillac,MU,2022-10-31 20:56:19,-20.5167,57.5167,73.78,83,40,6.91
426,Sehore,IN,2022-10-31 20:56:19,23.2,77.0833,64.36,57,0,3.91
427,Manta,EC,2022-10-31 20:56:19,-0.95,-80.7333,78.58,65,40,12.66
428,Svetlogorsk,BY,2022-10-31 20:56:20,52.6333,29.7333,35.19,76,0,6.2
429,Leningradskiy,RU,2022-10-31 20:56:21,69.3833,178.4167,5.97,85,100,14.07
430,Jabinyanah,TN,2022-10-31 20:56:21,35.035,10.9081,71.4,58,0,10.89
431,Nampula,MZ,2022-10-31 20:56:22,-15.1165,39.2666,70.81,76,0,6.6
432,Corinto,GR,2022-10-31 20:56:22,37.9407,22.9573,65.89,58,93,3.53
433,Kabinda,CD,2022-10-31 20:56:23,-6.1333,24.4833,66.63,95,80,4.32
434,Kislovodsk,RU,2022-10-31 20:56:23,43.9133,42.7208,35.24,95,100,10.22
435,Novosergiyevka,RU,2022-10-31 20:56:24,52.0934,53.6528,35.71,92,100,5.23
436,Naron,ES,2022-10-31 20:56:24,43.5167,-8.1528,59.02,84,14,6.44
437,Felanitx,ES,2022-10-31 20:56:25,39.4696,3.1483,69.96,81,100,4.45
438,Houma,US,2022-10-31 20:56:25,29.5958,-90.7195,79.0,60,56,2.1
439,Launceston,AU,2022-10-31 20:56:26,-41.45,147.1667,47.8,91,100,0.0
440,Vershino-Darasunskiy,RU,2022-10-31 20:56:26,52.35,115.5167,11.97,48,1,10.13
441,Miri,MY,2022-10-31 20:56:26,4.4148,114.0089,77.14,88,40,8.05
442,Marsh Harbour,BS,2022-10-31 20:56:27,26.5412,-77.0636,80.37,76,17,11.43
443,Artyom,AZ,2022-10-31 20:56:27,40.4723,50.333,57.34,85,0,22.21
444,Mangrol,IN,2022-10-31 20:56:28,21.1167,70.1167,77.79,39,0,7.31
445,Kjollefjord,NO,2022-10-31 20:56:28,70.9457,27.3465,39.25,87,75,8.05
446,Rio Gallegos,AR,2022-10-31 20:56:29,-51.6226,-69.2181,62.65,29,0,35.68
447,Hami,CN,2022-10-31 20:51:30,42.8,93.45,41.4,24,77,4.14
448,Vuktyl,RU,2022-10-31 20:56:29,63.8567,57.3094,29.59,97,100,1.74
449,Brasilia,BR,2022-10-31 20:53:58,-15.7797,-47.9297,81.52,51,75,2.3
450,Lambarene,GA,2022-10-31 20:56:30,-0.7001,10.2406,75.7,95,74,3.31
451,El Colorado,AR,2022-10-31 20:56:30,-26.3081,-59.3729,68.56,27,54,12.1
452,Tambacounda,SN,2022-10-31 20:56:31,13.7539,-13.7586,82.45,69,0,2.3
453,Adrar,MR,2022-10-31 20:56:31,20.5022,-10.0711,80.33,13,0,10.25
454,Arlit,NE,2022-10-31 20:56:32,18.7369,7.3853,77.36,19,71,18.21
455,Drumheller,CA,2022-10-31 20:52:00,51.4617,-112.7101,47.53,39,100,2.3
456,Dongsheng,CN,2022-10-31 20:57:32,39.8161,109.9776,34.97,34,29,8.16
457,Luderitz,NA,2022-10-31 20:57:33,-26.6481,15.1594,60.21,78,7,14.65
458,Olafsvik,IS,2022-10-31 20:55:30,64.8945,-23.7142,44.13,88,100,14.41
459,Alihe,CN,2022-10-31 20:57:33,50.5667,123.7167,29.21,68,100,12.28
460,Gidam,IN,2022-10-31 20:57:34,18.9833,81.4,64.69,79,94,2.55
461,Tuy Hoa,VN,2022-10-31 20:57:34,13.0833,109.3,72.07,89,100,7.29
462,Vyshhorod,UA,2022-10-31 20:57:34,50.5848,30.4898,42.94,90,5,7.81
463,Brownsville,US,2022-10-31 20:57:35,25.9018,-97.4975,80.1,68,100,7.0
464,Winnemucca,US,2022-10-31 20:57:36,40.973,-117.7357,61.52,21,100,3.2
465,Padang,ID,2022-10-31 20:57:36,-0.9492,100.3543,76.41,89,100,3.6
466,Puerto Madryn,AR,2022-10-31 20:57:37,-42.7692,-65.0385,63.48,29,0,13.04
467,Xichang,CN,2022-10-31 20:54:02,27.8964,102.2634,56.73,75,58,1.86
468,Chachapoyas,PE,2022-10-31 20:57:37,-6.2317,-77.869,70.03,48,100,5.12
469,Nueva Gerona,CU,2022-10-31 20:57:38,21.8833,-82.8,82.99,65,1,6.69
470,Ribeirao Branco,BR,2022-10-31 20:57:38,-24.2208,-48.7656,65.07,96,100,5.84
471,Kalevala,RU,2022-10-31 20:57:38,65.2,31.1667,26.98,97,51,2.68
472,Balkhash,KZ,2022-10-31 20:57:39,46.844,74.9804,41.5,70,49,2.75
473,Lukh,RU,2022-10-31 20:57:40,57.0124,42.2584,36.28,97,100,16.96
474,Senno,RU,2022-10-31 20:57:41,59.5336,33.9167,24.26,95,42,3.13
475,Astana,KZ,2022-10-31 20:56:34,51.1801,71.446,31.95,93,40,6.71
476,Avera,US,2022-10-31 20:57:41,33.194,-82.5271,78.55,62,78,8.72
477,Belmonte,BR,2022-10-31 20:57:42,-15.8631,-38.8828,77.25,82,31,9.62
478,Sinnai,IT,2022-10-31 20:57:42,39.3042,9.2036,64.47,73,0,4.61
479,Muros,ES,2022-10-31 20:57:43,42.7762,-9.0603,53.1,92,21,2.06
480,La Joya,MX,2022-10-31 20:57:44,18.6667,-99.4667,84.16,59,45,1.83
481,Nipawin,CA,2022-10-31 20:57:45,53.3668,-104.0009,48.24,37,46,17.27
482,Vanavara,RU,2022-10-31 20:57:46,60.34,102.2797,19.71,85,99,7.31
483,Tarbert,GB,2022-10-31 20:57:46,55.8628,-5.4162,52.5,90,100,6.89
484,Bonavista,CA,2022-10-31 20:57:47,48.6499,-53.1147,51.69,71,11,21.56
485,Samarai,PG,2022-10-31 20:57:47,-10.6167,150.6667,83.12,76,7,12.57
486,Udachnyy,RU,2022-10-31 20:57:48,66.4167,112.4,-12.53,100,83,5.39
487,Yar-Sale,RU,2022-10-31 20:57:48,66.8333,70.8333,27.28,94,100,17.0
488,Zhezkazgan,KZ,2022-10-31 20:57:49,47.8043,67.7144,37.49,68,100,9.24
489,Ornskoldsvik,SE,2022-10-31 20:57:49,63.2909,18.7153,36.55,93,20,9.22
490,Pasaje,EC,2022-10-31 20:57:50,-3.3333,-79.8167,76.71,59,59,7.96
491,Camapua,BR,2022-10-31 20:57:50,-19.5314,-54.0439,76.33,84,57,10.89
492,Caravelas,BR,2022-10-31 20:57:50,-17.7125,-39.2481,76.87,82,57,11.86
493,Camacari,BR,2022-10-31 20:57:51,-12.6975,-38.3242,78.57,84,20,10.29
494,Isangel,VU,2022-10-31 20:57:51,-19.55,169.2667,78.91,78,8,4.61
495,Zhanaozen,KZ,2022-10-31 20:57:52,43.3,52.8,54.99,92,99,8.9
496,Mgandu,TZ,2022-10-31 20:57:52,-5.95,34.1333,71.71,41,63,10.83
497,Kieta,PG,2022-10-31 20:57:53,-6.2167,155.6333,81.25,81,61,1.74
498,Encheng,CN,2022-10-31 20:57:53,22.1839,112.3026,66.38,57,100,10.4
499,Maues,BR,2022-10-31 20:58:53,-3.3836,-57.7186,93.49,41,100,7.45
500,Le Port,RE,2022-10-31 20:58:54,-20.9373,55.2919,72.25,68,47,4.72
501,Hammerfest,NO,2022-10-31 20:58:54,70.6634,23.6821,39.65,81,0,4.61
502,Sao Sebastiao,BR,2022-10-31 20:58:55,-23.76,-45.4097,72.12,96,99,12.48
503,Luganville,VU,2022-10-31 20:58:55,-15.5333,167.1667,81.41,75,46,7.11
504,Jumla,NP,2022-10-31 20:58:55,29.2747,82.1838,44.96,81,3,5.06
505,Kortkeros,RU,2022-10-31 20:58:56,61.8106,51.5806,33.8,99,99,3.27
506,Banikoara,BJ,2022-10-31 20:58:56,11.2985,2.4386,78.55,29,0,4.85
507,Alampur,IN,2022-10-31 20:58:57,15.8833,78.15,71.06,72,95,3.49
508,Ishigaki,JP,2022-10-31 20:58:57,24.3448,124.1572,73.53,100,75,31.07
509,Yumen,CN,2022-10-31 20:58:58,40.2833,97.2,37.53,46,12,6.04
510,Beira,MZ,2022-10-31 20:58:58,-19.8436,34.8389,78.19,82,12,7.99
511,Henties Bay,NA,2022-10-31 20:58:58,-22.116,14.2845,58.48,89,43,8.01
512,Jiayuguan,CN,2022-10-31 20:58:59,39.8167,98.3,37.31,44,2,1.92
513,Mahon,ES,2022-10-31 20:56:06,39.8885,4.2658,70.36,83,20,9.22
514,Bac Lieu,VN,2022-10-31 20:58:59,9.285,105.7244,76.24,83,100,5.91
515,Sao Joao Da Barra,BR,2022-10-31 20:56:41,-21.6403,-41.0511,78.89,91,82,19.28
516,Aviles,ES,2022-10-31 20:58:53,43.5547,-5.9248,59.94,80,75,12.66
517,Saint Anthony,US,2022-10-31 20:59:00,45.0205,-93.218,66.15,27,40,8.05
518,Moron,AR,2022-10-31 20:59:00,-34.6534,-58.6198,62.98,36,72,12.48
519,Mezen,RU,2022-10-31 20:59:01,65.8522,44.24,37.51,86,100,7.78
520,Soyo,AO,2022-10-31 20:59:01,-6.1349,12.3689,79.0,88,87,6.69
521,Sibu,MY,2022-10-31 20:54:43,2.3,111.8167,73.71,100,40,5.99
522,Tamiahua,MX,2022-10-31 20:59:02,21.2667,-97.45,79.65,72,17,8.21
523,Sao Filipe,CV,2022-10-31 20:59:02,14.8961,-24.4956,79.68,71,35,3.27
524,Constitucion,CL,2022-10-31 20:59:03,-35.3333,-72.4167,74.01,31,0,13.4
525,Dawlatabad,AF,2022-10-31 20:59:03,36.4141,64.9053,59.09,65,0,3.09
526,Ilhabela,BR,2022-10-31 20:59:04,-23.7781,-45.3581,72.43,94,99,12.93
527,Mansoa,GW,2022-10-31 20:59:04,12.0733,-15.3189,84.4,59,34,2.68
528,Sioux Lookout,CA,2022-10-31 20:59:04,50.1001,-91.917,53.67,47,75,10.36
529,Smithers,CA,2022-10-31 20:55:17,54.7804,-127.1743,35.92,75,40,2.3
530,Faanui,PF,2022-10-31 20:59:05,-16.4833,-151.75,79.07,75,34,7.9
531,Mirabad,AF,2022-10-31 20:59:05,30.4362,61.8383,71.69,27,71,5.44
532,Eufaula,US,2022-10-31 20:59:06,31.8913,-85.1455,78.15,61,69,6.89
533,Shepsi,RU,2022-10-31 20:59:06,44.0361,39.1489,52.79,70,8,11.56
534,Yaounde,CM,2022-10-31 20:59:07,3.8667,11.5167,67.86,99,100,2.64
535,Horadiz,AZ,2022-10-31 20:59:07,39.4488,47.3353,59.88,51,23,3.42
536,Sun City West,US,2022-10-31 20:56:58,33.662,-112.3413,82.99,19,0,1.99
537,Mawlaik,MM,2022-10-31 20:59:08,23.6333,94.4167,67.37,84,18,0.78
538,Suntar,RU,2022-10-31 20:59:08,62.1444,117.6319,11.64,98,91,1.05
539,Tornio,FI,2022-10-31 20:59:09,65.8481,24.1466,35.62,97,100,6.98
540,Mantua,IT,2022-10-31 20:59:09,45.1667,10.7833,60.04,85,26,3.98
541,Honiara,SB,2022-10-31 20:59:09,-9.4333,159.95,81.81,77,11,2.8
542,Nandi,IN,2022-10-31 20:59:10,13.3855,77.6984,65.8,85,58,3.22
543,Doha,QA,2022-10-31 20:54:37,25.2867,51.5333,84.09,63,0,6.91
544,Catamarca,AR,2022-10-31 20:59:11,-28.4696,-65.7852,66.06,19,33,4.0
545,Araouane,ML,2022-10-31 20:59:11,18.9048,-3.5265,80.04,14,73,9.57
546,Matagami,CA,2022-10-31 20:59:11,49.7502,-77.6328,55.51,62,75,8.05
547,Bismil,TR,2022-10-31 20:59:12,37.8486,40.6658,50.11,50,1,1.77
548,Ambulu,ID,2022-10-31 21:00:12,-8.345,113.6058,74.53,87,26,3.06
549,Ballina,AU,2022-10-31 21:00:13,-28.8667,153.5667,69.01,95,100,17.29
550,Krasnovka,RU,2022-10-31 21:00:13,48.8177,40.0923,33.91,74,10,13.53
551,Padre Paraiso,BR,2022-10-31 21:00:14,-17.0742,-41.4844,69.67,90,80,0.76
552,Udimskiy,RU,2022-10-31 21:00:15,61.1417,45.9144,31.41,84,96,12.24
553,Alice Springs,AU,2022-10-31 21:00:05,-23.7,133.8833,47.75,46,0,5.75
554,Goleta,TN,2022-10-31 21:00:15,36.8181,10.305,71.6,78,0,4.61
555,Urumqi,CN,2022-10-31 21:00:16,43.801,87.6005,38.35,65,0,2.24
556,Richards Bay,ZA,2022-10-31 21:00:17,-28.783,32.0377,65.16,79,100,7.36
557,Paamiut,GL,2022-10-31 21:00:17,61.994,-49.6678,31.32,76,100,23.53
558,Belyy,RU,2022-10-31 21:00:18,55.8402,32.9419,30.38,87,28,6.06
559,Lamu,KE,2022-10-31 21:00:19,-2.2717,40.902,77.56,86,7,11.52
560,Cap Malheureux,MU,2022-10-31 21:00:19,-19.9842,57.6142,73.47,73,7,7.0
561,Vestmanna,FO,2022-10-31 21:00:20,62.1564,-7.1664,47.32,81,100,17.27
562,San Quintin,MX,2022-10-31 21:00:21,30.4833,-115.95,72.77,54,47,10.27
563,Sfantu Gheorghe,RO,2022-10-31 21:00:22,45.8667,25.7833,55.27,87,0,0.85
564,Paidha,UG,2022-10-31 21:00:23,2.4167,30.9855,61.39,91,100,3.33
565,Qasigiannguit,GL,2022-10-31 21:00:23,68.8193,-51.1922,9.97,81,89,5.86
566,Natal,BR,2022-10-31 21:00:24,-5.795,-35.2094,79.45,73,0,5.75
567,Qingdao,CN,2022-10-31 20:59:53,36.0986,120.3719,47.8,87,0,4.47
568,Mackay,AU,2022-10-31 21:00:07,-21.15,149.2,81.68,80,74,20.18
569,Melioratorov,RU,2022-10-31 21:00:25,57.2107,65.6077,35.98,100,100,11.18
570,Pemangkat,ID,2022-10-31 21:00:25,1.1667,108.9667,77.94,83,100,4.79
571,Diffa,NE,2022-10-31 21:00:25,13.3154,12.6113,81.61,20,2,9.93
572,Sangar,RU,2022-10-31 21:00:26,63.9242,127.4739,3.65,96,98,2.98
573,Constantine,DZ,2022-10-31 21:00:27,36.365,6.6147,63.81,36,0,4.61
574,Tomatlan,MX,2022-10-31 21:00:27,19.9333,-105.25,84.4,59,1,6.4
575,Teguise,ES,2022-10-31 20:58:41,29.0605,-13.564,70.02,78,0,14.97
576,Jakar,BT,2022-10-31 21:00:28,27.5492,90.7525,40.75,77,0,3.6
577,Trincomalee,LK,2022-10-31 21:00:29,8.5711,81.2335,81.14,77,100,5.59
578,Xiongzhou,CN,2022-10-31 21:00:30,25.1167,114.3,63.34,64,100,7.43
579,Eydhafushi,MV,2022-10-31 21:00:30,5.1033,73.0708,80.62,69,59,10.33
580,Victor Harbor,AU,2022-10-31 21:00:31,-35.5667,138.6167,45.68,79,87,15.26
581,Tautira,PF,2022-10-31 21:00:32,-17.7333,-149.15,77.13,82,100,11.36
582,Patos,BR,2022-10-31 21:00:32,-7.0244,-37.28,91.85,24,100,7.09
583,Fort Nelson,CA,2022-10-31 21:00:33,58.8053,-122.7002,22.95,84,100,5.01
584,Bintulu,MY,2022-10-31 21:00:33,3.1667,113.0333,76.24,95,100,12.3
585,Palauig,PH,2022-10-31 21:00:33,15.435,119.9045,80.96,84,100,18.45
586,Sinjar,IQ,2022-10-31 21:00:34,36.3209,41.8754,66.4,41,0,7.81
587,Dingle,PH,2022-10-31 21:00:34,10.9995,122.6711,75.72,92,13,4.52
588,Santa Rosa,PH,2022-10-31 20:57:21,14.3122,121.1114,79.11,92,95,1.95
589,Agadir,MA,2022-10-31 21:00:27,30.4202,-9.5982,77.45,33,63,0.85
590,Honningsvag,NO,2022-10-31 21:00:36,70.9821,25.9704,38.95,87,100,16.11
591,Copiapo,CL,2022-10-31 20:59:28,-27.3667,-70.3333,62.29,27,0,7.38
592,Lavrentiya,RU,2022-10-31 21:00:36,65.5833,-171.0,18.7,88,100,6.17
593,Santiago,CL,2022-10-31 20:57:08,-33.4569,-70.6483,85.55,14,0,11.5
594,Bathurst,AU,2022-10-31 21:01:37,-33.4166,149.5806,50.97,81,95,1.99
595,Abu Dhabi,AE,2022-10-31 20:59:43,24.4667,54.3667,82.42,74,40,3.44
596,Grootfontein,NA,2022-10-31 21:01:38,-19.5667,18.1167,76.66,41,13,12.57
597,Sabha,LY,2022-10-31 21:01:38,27.0377,14.4283,67.71,38,51,6.06
598,Rawson,AR,2022-10-31 21:01:39,-43.3002,-65.1023,62.67,31,0,9.46
599,Kiknur,RU,2022-10-31 21:01:39,57.3034,47.2011,33.46,96,100,6.04
600,Ramanagaram,IN,2022-10-31 21:01:39,12.7167,77.3,67.78,80,97,4.14
601,Kuandian,CN,2022-10-31 21:01:40,40.7286,124.7847,38.91,73,2,4.94
602,Coruripe,BR,2022-10-31 21:01:40,-10.1256,-36.1756,77.05,79,58,12.64
603,Ayan,RU,2022-10-31 21:01:41,56.45,138.1667,33.6,94,100,19.98
604,Kim,TJ,2022-10-31 21:01:41,40.208,70.4688,48.54,75,38,4.92
605,Kupang,ID,2022-10-31 21:01:42,-10.1667,123.5833,79.14,77,97,5.77
606,Lodja,CD,2022-10-31 21:01:42,-3.4833,23.4333,69.46,99,80,0.58
607,Moundsville,US,2022-10-31 21:01:43,39.9203,-80.7431,66.15,88,100,7.49
608,Iwanai,JP,2022-10-31 21:01:43,42.9744,140.5089,47.71,90,97,5.53
609,Krasnoselkup,RU,2022-10-31 21:01:44,65.7,82.4667,19.76,90,96,16.62
610,Grand-Lahou,CI,2022-10-31 21:01:44,5.1367,-5.0242,77.14,87,88,5.48
611,Ligayan,PH,2022-10-31 21:01:45,4.6533,119.4706,82.26,77,100,4.63
612,Virginia Beach,US,2022-10-31 21:00:14,36.8529,-75.978,74.01,69,83,3.0
613,Tema,GH,2022-10-31 20:58:40,5.667,-0.0166,81.01,89,20,5.75
614,Dargaville,NZ,2022-10-31 21:01:46,-35.9333,173.8833,64.8,72,50,3.65
615,Qandala,SO,2022-10-31 21:01:46,11.472,49.8728,78.96,77,28,4.52
616,Camalote,HN,2022-10-31 21:01:46,15.3333,-88.3333,85.98,62,80,2.06
617,Puro,PH,2022-10-31 21:01:47,12.4841,123.3827,79.02,84,69,8.05
618,Basco,PH,2022-10-31 21:01:47,20.4487,121.9702,81.34,89,100,20.71
619,Pozo Colorado,PY,2022-10-31 21:01:48,-23.4923,-58.7972,54.88,56,100,14.56
620,Kulhudhuffushi,MV,2022-10-31 21:01:48,6.6221,73.07,80.67,68,36,12.26
621,Faya,SA,2022-10-31 21:00:55,18.3851,42.4509,60.17,70,18,2.21
622,Ayna,PE,2022-10-31 21:01:49,-12.65,-73.9167,74.35,58,44,5.06
623,Aasiaat,GL,2022-10-31 21:01:50,68.7098,-52.8699,20.1,91,99,2.42
624,Tazovskiy,RU,2022-10-31 21:01:51,67.4667,78.7,22.87,82,100,18.21
625,Quilmana,PE,2022-10-31 21:01:51,-12.95,-76.3833,68.63,66,41,7.9
626,Corrente,BR,2022-10-31 21:01:52,-3.7367,-43.3394,88.56,41,99,9.01
627,Bellmead,US,2022-10-31 21:01:52,31.594,-97.1089,79.63,36,0,4.61
628,Bentiu,SS,2022-10-31 21:01:53,9.2333,29.8333,79.07,56,75,3.33
629,Menomonie,US,2022-10-31 21:01:53,44.8755,-91.9193,66.24,42,0,5.75
630,Morehead,US,2022-10-31 21:00:32,37.2711,-87.1764,64.85,77,100,8.05
631,Kurchum,KZ,2022-10-31 21:01:54,48.5722,83.6542,40.59,88,100,3.91
632,Hokitika,NZ,2022-10-31 21:01:55,-42.7167,170.9667,57.56,81,28,6.62
633,Odder,DK,2022-10-31 21:01:55,55.9731,10.153,52.23,94,18,7.96
634,Moose Factory,CA,2022-10-31 21:01:56,51.2585,-80.6094,49.39,84,95,5.79
635,Joao Pinheiro,BR,2022-10-31 21:01:56,-17.7425,-46.1725,75.81,69,54,7.29
636,Christchurch,NZ,2022-10-31 20:58:58,-43.5333,172.6333,65.32,69,8,5.75
637,Podyuga,RU,2022-10-31 21:01:57,61.095,40.8647,33.24,89,100,8.59
638,Atbasar,KZ,2022-10-31 21:01:57,51.8,68.3333,37.11,88,100,14.79
639,Pasighat,IN,2022-10-31 21:01:58,28.0667,95.3333,62.49,57,0,3.96
640,Port Macquarie,AU,2022-10-31 20:57:04,-31.4333,152.9167,66.88,82,100,9.26
641,Del Rio,US,2022-10-31 21:02:59,29.3627,-100.8968,73.8,60,75,12.66
642,Rocha,UY,2022-10-31 21:02:59,-34.4833,-54.3333,51.64,61,84,12.3
643,Chicama,PE,2022-10-31 21:03:00,-7.8447,-79.1469,70.18,62,81,10.98
644,Saint Pete Beach,US,2022-10-31 21:03:00,27.7253,-82.7412,88.25,61,0,3.44
645,Malgrat De Mar,ES,2022-10-31 21:03:00,41.6466,2.7414,70.95,90,100,1.99
646,Tezu,IN,2022-10-31 21:03:01,27.9167,96.1667,64.87,60,0,4.03
647,Tevriz,RU,2022-10-31 21:03:01,57.509,72.4042,27.07,74,100,7.54
648,Ntcheu,MW,2022-10-31 21:03:02,-14.8203,34.6359,72.59,51,28,3.09
649,Sistranda,NO,2022-10-31 21:03:02,63.7256,8.834,44.56,84,34,13.18
650,La Crosse,US,2022-10-31 21:02:06,43.8014,-91.2396,67.37,47,3,1.01
651,Neuquen,AR,2022-10-31 21:03:03,-38.9516,-68.0591,66.54,10,0,5.39
652,Halifax,CA,2022-10-31 21:03:04,44.6453,-63.5724,59.49,67,40,4.61
653,Nemuro,JP,2022-10-31 21:03:04,43.3236,145.575,48.02,71,6,6.93
654,Puerto Narino,CO,2022-10-31 21:03:05,-3.7703,-70.3831,83.46,78,99,0.98
655,Praia,CV,2022-10-31 21:03:05,14.9215,-23.5087,79.34,65,0,6.91
656,Aguilas,ES,2022-10-31 21:03:06,37.4063,-1.5829,72.05,66,100,3.11
657,Mayo,US,2022-10-31 21:03:06,38.8876,-76.5119,67.24,83,100,12.66
658,Kushmurun,KZ,2022-10-31 21:03:06,52.4503,64.6311,40.33,96,100,21.16
659,Atasu,KZ,2022-10-31 21:03:07,48.6814,71.6433,34.5,78,90,6.76
660,Garowe,SO,2022-10-31 21:03:07,8.4054,48.4845,74.97,71,36,13.85
661,Allapalli,IN,2022-10-31 21:03:08,19.4167,80.0667,63.25,83,22,2.13
662,Ozernovskiy,RU,2022-10-31 21:03:08,51.5,156.5167,32.49,67,3,12.44
663,Cruzeiro Do Sul,BR,2022-10-31 21:03:08,-29.5128,-51.9853,54.52,91,100,9.86
664,Sarankhola,BD,2022-10-31 21:03:09,22.3082,89.7897,71.28,86,1,3.56
665,Jepara,ID,2022-10-31 21:03:09,-5.1695,105.7044,76.37,84,100,7.16
666,Ormara,PK,2022-10-31 21:03:10,25.2088,64.6357,80.13,73,0,14.94
667,Kango,GA,2022-10-31 21:03:10,0.1943,10.0951,74.35,98,94,2.68
668,Camargo,MX,2022-10-31 21:03:11,27.6667,-105.1667,75.43,19,0,7.58
669,Port Hedland,AU,2022-10-31 21:00:48,-20.3167,118.5667,59.05,23,5,8.05
670,Ahipara,NZ,2022-10-31 21:03:11,-35.1667,173.1667,65.28,71,14,4.61
671,Huarmey,PE,2022-10-31 21:03:12,-10.0681,-78.1522,67.42,72,69,11.72
672,Tecoanapa,MX,2022-10-31 21:03:12,16.5167,-98.75,84.24,69,5,8.52
673,Rincon,US,2022-10-31 21:00:44,32.296,-81.2354,80.56,57,40,11.5
674,Tiarei,PF,2022-10-31 21:03:13,-17.5333,-149.3333,84.22,80,98,11.81
675,Kyshtovka,RU,2022-10-31 21:03:14,56.555,76.6271,22.35,93,78,6.06
676,Mizoch,UA,2022-10-31 21:00:04,50.4,26.15,44.47,63,11,2.15
677,Geraldton,AU,2022-10-31 21:03:15,-28.7667,114.6,50.41,87,0,5.75
678,Thinadhoo,MV,2022-10-31 21:03:15,0.5333,72.9333,79.65,79,100,13.33
679,Chipinge,ZW,2022-10-31 21:03:15,-20.1883,32.6236,63.79,94,78,7.72
680,Murud,IN,2022-10-31 21:03:16,18.3258,72.965,73.4,60,0,6.64
681,Tarauaca,BR,2022-10-31 21:00:11,-8.1614,-70.7656,84.4,65,100,2.15
682,Shu,KZ,2022-10-31 21:03:17,43.5983,73.7614,43.65,80,3,4.23
683,Ouadda,CF,2022-10-31 21:03:17,8.0777,22.4007,74.75,62,77,2.73
684,Zatoka,UA,2022-10-31 21:03:17,46.0725,30.4654,52.57,45,12,8.12
685,Macau,MO,2022-10-31 21:03:18,22.2006,113.5461,75.0,64,20,25.32
686,Dombas,NO,2022-10-31 21:04:18,62.0696,9.1235,38.55,97,100,3.87
687,Kisangani,CD,2022-10-31 21:04:19,0.5167,25.2,69.84,96,98,1.23
688,Kilis,TR,2022-10-31 21:04:19,36.7161,37.115,52.03,40,8,3.02
689,Tutayev,RU,2022-10-31 21:04:20,57.8853,39.5406,35.55,83,100,12.77
690,Puerto Madero,MX,2022-10-31 21:04:20,14.7208,-92.4215,88.0,70,20,5.75
691,Aleysk,RU,2022-10-31 21:04:20,52.4926,82.7822,34.3,98,100,9.33
692,Hobyo,SO,2022-10-31 21:04:21,5.3505,48.5268,79.63,73,0,9.26
693,Uthal,PK,2022-10-31 21:04:21,25.8072,66.6219,78.21,76,0,3.27
694,Rio Blanco,MX,2022-10-31 21:04:22,18.8333,-97.15,74.25,70,56,6.33
695,Lengshuijiang,CN,2022-10-31 21:04:22,27.6881,111.4294,55.31,83,5,4.29
696,Penhold,CA,2022-10-31 21:04:23,52.1334,-113.8687,39.83,51,99,11.41
697,Sibay,RU,2022-10-31 21:04:23,52.7181,58.6658,43.66,96,100,17.09
698,Asfi,MA,2022-10-31 21:02:29,32.2994,-9.2372,69.94,74,100,6.55
699,Wilmington,US,2022-10-31 21:02:45,34.2257,-77.9447,75.11,83,40,9.22
700,Ternate,ID,2022-10-31 21:04:24,0.8,127.4,81.21,76,94,3.31
701,Vidim,RU,2022-10-31 21:04:24,56.4088,103.1106,13.57,75,28,1.23
702,Esperance,AU,2022-10-31 21:01:39,-33.8667,121.9,55.24,80,100,20.0
703,Boa Vista,BR,2022-10-31 21:04:25,2.8197,-60.6733,78.78,83,40,0.0
704,Semporna,MY,2022-10-31 21:04:25,4.4818,118.6112,76.86,94,100,4.25
705,Arshan,RU,2022-10-31 21:04:26,46.2732,44.22,35.98,74,39,20.13
706,Fairbanks,US,2022-10-31 21:03:39,64.8378,-147.7164,8.82,87,100,0.0
707,Charlestown,AU,2022-10-31 21:04:26,-32.95,151.6667,66.11,64,100,11.01
708,Chinsali,ZM,2022-10-31 21:04:27,-10.5414,32.0816,75.09,41,99,4.43
709,Chokwe,MZ,2022-10-31 21:04:27,-24.5333,32.9833,70.2,79,100,13.65
710,Paysandu,UY,2022-10-31 21:04:27,-32.3214,-58.0756,62.47,34,6,12.48
711,Kutum,SD,2022-10-31 21:04:28,14.2,24.6667,73.96,25,47,15.77
712,San Andres,CO,2022-10-31 21:04:29,12.5847,-81.7006,84.22,74,75,5.75
713,Batagay-Alyta,RU,2022-10-31 21:04:29,67.8006,130.4114,-0.13,93,100,1.25
714,Panaba,MX,2022-10-31 21:04:30,21.2833,-88.2667,86.99,40,72,13.8
715,Ilebo,CD,2022-10-31 21:02:17,-4.3167,20.5833,71.47,94,99,1.14
716,Casma,CL,2022-10-31 21:04:31,-41.0082,-73.1244,62.24,34,0,8.1
717,Nassau,US,2022-10-31 21:00:46,40.7507,-73.5829,64.15,73,40,9.22
718,Lima Duarte,BR,2022-10-31 21:04:32,-21.8425,-43.7931,76.98,73,26,4.12
719,Makakilo City,US,2022-10-31 21:01:09,21.3469,-158.0858,83.44,63,75,12.66
720,Nalut,LY,2022-10-31 21:04:32,30.3333,10.85,65.5,44,9,9.46
721,Turukhansk,RU,2022-10-31 21:04:33,65.8167,87.9833,16.25,94,82,13.13
722,Markova,UA,2022-10-31 21:04:33,48.6758,24.4138,51.57,86,6,3.58
723,Two Hills,CA,2022-10-31 21:00:38,53.7169,-111.7518,44.28,23,79,7.72
724,Byron Bay,AU,2022-10-31 21:03:49,-28.65,153.6167,68.94,87,100,23.0
725,Tomigusuku,JP,2022-10-31 21:04:34,26.185,127.675,72.14,92,75,23.02
726,Chalus,IR,2022-10-31 21:04:34,36.655,51.4204,70.43,65,94,9.17
727,Payo,ID,2022-10-31 21:04:35,-3.7508,103.6372,73.24,96,100,0.98
728,Nanortalik,GL,2022-10-31 21:04:35,60.1432,-45.2371,25.27,77,46,10.13
729,Ploemeur,FR,2022-10-31 21:04:35,47.7333,-3.4333,57.61,77,75,25.32
730,Kajiado,KE,2022-10-31 21:04:36,-1.8524,36.7768,60.08,86,22,13.4
731,Emerald,AU,2022-10-31 21:00:38,-23.5333,148.1667,73.54,100,75,8.05
732,Dwarka,IN,2022-10-31 21:05:36,22.2394,68.9678,80.1,67,0,8.01
733,Urucara,BR,2022-10-31 21:05:37,-2.5364,-57.76,91.63,46,100,5.39
734,Rafaela,AR,2022-10-31 21:05:37,-31.2503,-61.4867,68.0,10,2,4.0
735,Tiznit,MA,2022-10-31 21:05:38,29.5833,-9.5,72.79,21,42,2.15
736,Te Anau,NZ,2022-10-31 21:05:38,-45.4167,167.7167,56.43,76,100,6.58
737,Yelahanka,IN,2022-10-31 21:05:39,13.1075,77.6003,66.29,82,40,3.44
738,Karla,EE,2022-10-31 21:05:39,59.3723,24.9275,49.71,84,100,10.36
739,Luena,AO,2022-10-31 21:05:40,-11.7833,19.9167,64.22,79,56,4.56
740,Beringovskiy,RU,2022-10-31 21:05:40,63.05,179.3167,27.64,94,100,34.61
741,Saurimo,AO,2022-10-31 21:05:41,-9.6608,20.3916,66.56,93,98,4.25
742,Lagos,NG,2022-10-31 21:03:37,6.5833,3.75,78.1,88,2,3.85
743,Nobres,BR,2022-10-31 21:05:41,-14.7203,-56.3275,75.92,81,96,14.07
744,Omsukchan,RU,2022-10-31 21:05:42,62.5333,155.8,-15.56,100,30,2.55
745,Bloomfield,US,2022-10-31 21:05:22,40.8068,-74.1854,64.98,70,40,8.05
746,Bluefields,NI,2022-10-31 21:05:42,12.0137,-83.7635,80.33,87,68,7.85
747,Safaga,EG,2022-10-31 21:05:43,26.7292,33.9365,76.15,47,3,11.74
748,Vicosa,BR,2022-10-31 21:05:43,-20.7539,-42.8819,76.19,81,26,7.61
749,Ambon,ID,2022-10-31 21:05:44,-3.6954,128.1814,77.14,94,20,5.75
750,La Raya De Santa Maria,PA,2022-10-31 21:05:44,8.1667,-80.8167,82.69,73,99,5.53
751,Aksehir,TR,2022-10-31 21:05:44,38.3575,31.4164,51.39,46,12,3.15
752,Nichinan,JP,2022-10-31 21:05:45,31.6,131.3667,63.95,84,100,11.32
753,Ruhengeri,RW,2022-10-31 21:05:45,-1.4998,29.635,57.72,91,100,2.37
754,Minab,IR,2022-10-31 21:05:46,27.1467,57.0801,78.15,69,15,3.09
755,Shaki,AZ,2022-10-31 21:05:46,41.0833,47.1667,56.34,37,9,13.44
756,Mezhdurechensk,RU,2022-10-31 21:05:47,53.6942,88.0603,35.24,98,100,2.95
757,Okhotsk,RU,2022-10-31 21:05:47,59.3833,143.3,23.31,88,98,9.06
758,Daytona Beach,US,2022-10-31 21:05:48,29.2108,-81.0228,86.11,81,20,9.22
759,Osakarovka,KZ,2022-10-31 21:05:48,50.565,72.5692,32.41,83,100,8.08
760,Mareeba,AU,2022-10-31 21:05:48,-17.0,145.4333,78.48,90,7,1.9
761,Zaozerne,UA,2022-10-31 21:05:49,45.1582,33.2787,47.84,49,7,10.67
762,Sokoni,TZ,2022-10-31 21:05:49,-6.4333,39.55,77.58,79,24,13.89
763,Monywa,MM,2022-10-31 21:05:50,22.1167,95.1333,72.43,74,1,7.16
764,Tupik,RU,2022-10-31 21:05:50,54.4253,119.9327,19.17,92,100,10.11
765,Cayenne,GF,2022-10-31 21:05:51,4.9333,-52.3333,82.44,78,75,11.5
766,Tahta,EG,2022-10-31 21:05:51,26.7693,31.5021,70.57,36,0,6.35
767,Stantsionno-Oyashinskiy,RU,2022-10-31 21:05:52,55.4664,83.8245,31.15,92,100,3.24
768,Punta Alta,AR,2022-10-31 21:05:52,-38.8759,-62.0736,58.28,45,0,16.02
769,Cockburn Town,TC,2022-10-31 21:05:53,21.4612,-71.1419,82.87,75,8,17.31
770,Ahlat,TR,2022-10-31 21:05:53,38.7518,42.4814,45.43,71,1,5.82
771,Vila Do Maio,CV,2022-10-31 21:05:53,15.1333,-23.2167,79.59,76,13,9.71
772,Alta Floresta,BR,2022-10-31 21:05:54,-9.8756,-56.0861,89.28,48,41,2.37
773,Ingham,US,2022-10-31 21:05:54,42.6,-84.3833,60.87,91,100,0.0
774,Sironko,UG,2022-10-31 21:05:55,1.2313,34.2477,65.57,72,15,5.86
775,Pompeu,BR,2022-10-31 21:06:55,-19.2244,-44.9353,74.7,69,83,4.65
776,Hailar,CN,2022-10-31 21:06:56,49.2,119.7,18.7,74,61,19.71
777,Manoel Urbano,BR,2022-10-31 21:06:56,-8.8389,-69.2597,89.38,49,100,3.83
778,Shaping,CN,2022-10-31 21:06:56,22.7545,112.9565,72.95,45,100,17.92
779,Dali,CN,2022-10-31 21:06:57,25.7,100.1833,53.67,71,34,2.44
780,Lighthouse Point,US,2022-10-31 21:05:05,26.2756,-80.0873,87.04,77,20,11.5
781,Storsteinnes,NO,2022-10-31 21:06:57,69.2408,19.2344,38.37,98,100,4.56
782,Punta Gorda,US,2022-10-31 21:02:30,26.9298,-82.0454,88.18,66,83,10.0
783,Dhidhdhoo,MV,2022-10-31 21:06:58,6.8833,73.1,80.82,69,36,12.35
784,Srisailam,IN,2022-10-31 21:06:58,16.0833,78.8667,68.95,80,99,3.62
785,Ratnagiri,IN,2022-10-31 21:06:59,16.9833,73.3,73.53,63,0,6.44
786,Yatou,CN,2022-10-31 21:06:59,37.15,122.3833,52.41,59,0,8.9
787,Ixtapa,MX,2022-10-31 21:07:00,20.7,-105.2,84.22,69,40,10.36
788,Galesong,ID,2022-10-31 21:07:00,-5.3166,119.3661,77.02,82,94,5.08
789,Smolenka,RU,2022-10-31 21:07:01,52.1352,113.4974,10.47,79,5,8.95
