City_ID,City,Country,Date,Lat,Lng,Max Temp,Humidity,Cloudiness,Wind Speed,Current Description
0,Abnub,EG,2022-11-04 17:31:21,27.2696,31.1511,73.62,36,0,10.25,clear sky
1,Albany,US,2022-11-04 17:31:21,42.6001,-73.9662,69.26,55,29,3.0,scattered clouds
2,Krutinka,RU,2022-11-04 17:31:21,56.0055,71.5113,34.36,95,100,17.85,snow
3,Qaanaaq,GL,2022-11-04 17:31:21,77.484,-69.3632,18.93,66,100,7.63,overcast clouds
4,Barbosa Ferraz,BR,2022-11-04 17:31:21,-24.03,-52.0117,74.43,45,0,2.73,clear sky
5,Port Alfred,ZA,2022-11-04 17:31:21,-33.5906,26.891,69.19,89,82,1.99,broken clouds
6,Tasiilaq,GL,2022-11-04 17:31:21,65.6145,-37.6368,30.36,83,100,17.85,light snow
7,Berlevag,NO,2022-11-04 17:31:21,70.8578,29.0864,41.0,81,75,6.91,broken clouds
8,Dikson,RU,2022-11-04 17:31:21,73.5069,80.5464,20.57,96,98,4.9,overcast clouds
9,Fort Frances,CA,2022-11-04 17:31:21,48.5999,-93.4003,33.17,75,40,9.22,scattered clouds
10,Hermanus,ZA,2022-11-04 17:31:21,-34.4187,19.2345,66.79,80,17,15.52,few clouds
11,Punta Arenas,CL,2022-11-04 17:31:21,-53.15,-70.9167,57.31,72,75,17.27,broken clouds
12,Robertson,US,2022-11-04 17:31:21,36.5167,-86.8667,77.04,55,40,11.5,scattered clouds
13,Longyearbyen,SJ,2022-11-04 17:31:21,78.2186,15.6401,28.24,86,75,8.05,broken clouds
14,Tazovskiy,RU,2022-11-04 17:31:21,67.4667,78.7,12.15,95,99,8.99,overcast clouds
15,Upernavik,GL,2022-11-04 17:31:21,72.7868,-56.1549,27.97,89,100,11.05,overcast clouds
16,Ushuaia,AR,2022-11-04 17:31:21,-54.8,-68.3,49.66,71,100,13.8,overcast clouds
17,Vilhena,BR,2022-11-04 17:31:21,-12.7406,-60.1458,80.82,36,0,10.36,clear sky
18,Jamestown,US,2022-11-04 17:31:21,42.097,-79.2353,71.19,57,0,10.36,clear sky
19,Laguna,US,2022-11-04 17:31:21,38.421,-121.4238,56.08,62,0,8.05,clear sky
20,Bredasdorp,ZA,2022-11-04 17:31:21,-34.5322,20.0403,62.71,96,51,5.32,broken clouds
21,Petrila,RO,2022-11-04 17:31:21,45.45,23.4167,47.05,87,96,4.36,overcast clouds
22,San Cristobal,VE,2022-11-04 17:31:21,7.7669,-72.225,80.78,57,100,5.35,overcast clouds
23,Victoria,HK,2022-11-04 17:31:21,22.2855,114.1577,72.32,84,99,13.0,overcast clouds
24,Castro,BR,2022-11-04 17:31:21,-24.7911,-50.0119,65.64,48,9,4.76,clear sky
25,Copiapo,CL,2022-11-04 17:31:21,-27.3667,-70.3333,55.09,24,8,10.83,clear sky
26,Sambava,MG,2022-11-04 17:31:21,-14.2667,50.1667,72.86,84,52,1.5,broken clouds
27,Khatanga,RU,2022-11-04 17:31:21,71.9667,102.5,-11.31,100,91,2.48,overcast clouds
28,Buguruslan,RU,2022-11-04 17:31:21,53.6554,52.442,29.57,89,66,4.52,broken clouds
29,Loukhi,RU,2022-11-04 17:31:21,66.0764,33.0381,37.81,94,100,7.31,overcast clouds
30,Port Elizabeth,ZA,2022-11-04 17:31:21,-33.918,25.5701,72.1,94,20,11.5,few clouds
31,Labuhan,ID,2022-11-04 17:31:21,-6.8844,112.2051,81.03,79,100,3.02,heavy intensity rain
32,Narsaq,GL,2022-11-04 17:31:21,60.9167,-46.05,46.62,74,100,6.06,overcast clouds
33,Arraial Do Cabo,BR,2022-11-04 17:31:21,-22.9661,-42.0278,75.06,46,75,8.05,broken clouds
34,Wilmington,US,2022-11-04 17:31:21,34.2257,-77.9447,82.31,71,20,11.99,few clouds
35,Parakou,BJ,2022-11-04 17:31:21,9.3372,2.6303,84.33,40,89,0.56,overcast clouds
36,Kruisfontein,ZA,2022-11-04 17:31:21,-34.0033,24.7314,69.89,84,14,13.49,few clouds
37,Kjollefjord,NO,2022-11-04 17:31:21,70.9457,27.3465,42.85,87,40,6.91,scattered clouds
38,Talnakh,RU,2022-11-04 17:31:21,69.4865,88.3972,11.21,93,100,11.23,light snow
39,Nizhniy Baskunchak,RU,2022-11-04 17:31:21,48.2198,46.8311,41.77,67,100,4.41,overcast clouds
40,Hobart,AU,2022-11-04 17:31:21,-42.8794,147.3294,53.26,86,100,8.05,overcast clouds
41,Ilulissat,GL,2022-11-04 17:31:21,69.2167,-51.1,28.42,93,100,3.44,light snow
42,Dogondoutchi,NE,2022-11-04 17:31:21,13.6393,4.0287,89.31,18,64,7.05,broken clouds
43,Bereda,ES,2022-11-04 17:31:21,43.2686,-7.5406,55.58,82,100,1.28,overcast clouds
44,La Romana,DO,2022-11-04 17:31:21,18.4273,-68.9728,80.96,100,75,0.0,broken clouds
45,Busselton,AU,2022-11-04 17:31:21,-33.65,115.3333,51.3,90,2,9.42,clear sky
46,Freeport,US,2022-11-04 17:31:21,40.6576,-73.5832,72.01,72,0,8.05,clear sky
47,Mbini,GQ,2022-11-04 17:31:21,1.574,9.6134,82.24,83,98,3.96,overcast clouds
48,Sebinkarahisar,TR,2022-11-04 17:31:21,40.2883,38.4236,45.93,62,57,2.06,broken clouds
49,Bodmin,GB,2022-11-04 17:31:21,50.4715,-4.7243,51.76,71,20,10.36,few clouds
50,Cotonou,BJ,2022-11-04 17:31:21,6.3654,2.4183,84.18,74,40,5.75,scattered clouds
51,Gornyy,RU,2022-11-04 17:31:21,55.1153,83.9059,28.78,82,98,8.32,overcast clouds
52,Soyo,AO,2022-11-04 17:31:21,-6.1349,12.3689,78.98,83,87,7.65,overcast clouds
53,Westerly,US,2022-11-04 17:31:21,41.3776,-71.8273,72.99,76,0,10.36,clear sky
54,Tromso,NO,2022-11-04 17:31:21,69.6496,18.957,36.37,87,0,1.14,clear sky
55,Concepcion Del Uruguay,AR,2022-11-04 17:31:21,-32.4825,-58.2372,77.99,37,0,4.0,clear sky
56,Sadon,RU,2022-11-04 17:31:21,42.8518,44.0037,38.19,87,80,6.51,broken clouds
57,Tarasovskiy,RU,2022-11-04 17:31:21,48.7292,40.3636,37.81,88,99,3.96,overcast clouds
58,Georgetown,MY,2022-11-04 17:31:21,5.4112,100.3354,79.23,95,40,0.0,light rain
59,Salalah,OM,2022-11-04 17:31:21,17.0151,54.0924,80.69,65,0,4.61,clear sky
60,Itaituba,BR,2022-11-04 17:31:21,-4.2761,-55.9836,89.76,58,40,5.75,scattered clouds
61,Jalu,LY,2022-11-04 17:31:21,29.0331,21.5482,68.0,45,24,3.49,few clouds
62,Cape Town,ZA,2022-11-04 17:31:21,-33.9258,18.4232,70.21,80,20,14.97,few clouds
63,Codrington,AU,2022-11-04 17:31:21,-38.2667,141.9667,46.36,91,69,7.07,broken clouds
64,Aksarka,RU,2022-11-04 17:31:21,66.5606,67.7975,8.46,86,42,8.3,scattered clouds
65,Guarapari,BR,2022-11-04 17:31:21,-20.6667,-40.4975,72.9,63,51,15.08,broken clouds
66,Atar,MR,2022-11-04 17:31:21,20.5169,-13.0499,86.67,10,0,14.72,clear sky
67,Kavaratti,IN,2022-11-04 17:31:21,10.5669,72.642,82.33,74,95,7.78,overcast clouds
68,Nanortalik,GL,2022-11-04 17:31:21,60.1432,-45.2371,37.35,74,100,16.04,overcast clouds
69,Bafoulabe,ML,2022-11-04 17:31:21,13.8065,-10.8321,88.9,14,1,4.81,clear sky
70,Bamboo,JM,2022-11-04 17:31:21,18.3922,-77.2643,76.96,67,43,9.15,scattered clouds
71,Rawson,AR,2022-11-04 17:31:21,-43.3002,-65.1023,85.14,17,11,28.32,few clouds
72,Umm Lajj,SA,2022-11-04 17:31:21,25.0213,37.2685,78.24,58,53,4.45,broken clouds
73,Kharp,RU,2022-11-04 17:31:21,66.8014,65.8081,11.21,72,42,4.99,scattered clouds
74,Luderitz,NA,2022-11-04 17:31:21,-26.6481,15.1594,61.9,84,1,7.61,clear sky
75,Inhambane,MZ,2022-11-04 17:31:21,-23.865,35.3833,75.88,86,25,12.3,scattered clouds
76,Hithadhoo,MV,2022-11-04 17:31:21,-0.6,73.0833,80.87,77,79,11.1,broken clouds
77,Mahebourg,MU,2022-11-04 17:31:21,-20.4081,57.7,73.69,88,40,2.3,scattered clouds
78,Tirthahalli,IN,2022-11-04 17:31:21,13.7,75.2333,72.16,81,72,6.89,broken clouds
79,Maniitsoq,GL,2022-11-04 17:31:21,65.4167,-52.9,28.27,67,100,9.89,overcast clouds
80,Lagoa,PT,2022-11-04 17:31:21,39.05,-27.9833,63.88,88,99,11.9,moderate rain
81,Iskateley,RU,2022-11-04 17:31:21,67.6803,53.1512,26.83,92,99,9.86,overcast clouds
82,Diffa,NE,2022-11-04 17:31:21,13.3154,12.6113,79.97,18,60,7.92,broken clouds
83,Klaksvik,FO,2022-11-04 17:31:21,62.2266,-6.589,43.72,93,100,27.22,overcast clouds
84,Yar-Sale,RU,2022-11-04 17:31:21,66.8333,70.8333,10.67,92,82,8.01,broken clouds
85,Constitucion,CL,2022-11-04 17:31:21,-35.3333,-72.4167,59.43,62,86,7.07,overcast clouds
86,Manicore,BR,2022-11-04 17:31:21,-5.8092,-61.3003,91.62,36,68,3.56,broken clouds
87,Meulaboh,ID,2022-11-04 17:31:21,4.1363,96.1285,75.36,91,100,10.94,overcast clouds
88,Uaua,BR,2022-11-04 17:31:21,-9.8414,-39.4817,69.06,93,100,7.05,moderate rain
89,Buraydah,SA,2022-11-04 17:31:21,26.326,43.975,75.65,29,51,11.83,broken clouds
90,Chapais,CA,2022-11-04 17:31:21,49.7834,-74.8492,58.78,67,100,15.93,overcast clouds
91,Kayes,ML,2022-11-04 17:31:21,14.0,-11.0,89.4,13,2,6.26,clear sky
92,Taltal,CL,2022-11-04 17:31:21,-25.4,-70.4833,63.64,66,20,6.06,few clouds
93,Sao Filipe,CV,2022-11-04 17:31:21,14.8961,-24.4956,80.71,62,86,7.58,overcast clouds
94,Verkh-Suetka,RU,2022-11-04 17:31:21,53.3,80.05,37.67,85,100,11.16,overcast clouds
95,Samana,DO,2022-11-04 17:31:21,19.2056,-69.3369,88.02,74,40,4.61,scattered clouds
96,Aquiraz,BR,2022-11-04 17:31:21,-3.9014,-38.3911,90.45,56,63,8.52,broken clouds
97,Fecamp,FR,2022-11-04 17:31:21,49.7579,0.3746,53.31,69,4,13.42,clear sky
98,Maldonado,UY,2022-11-04 17:31:21,-34.6667,-54.9167,69.19,51,47,12.8,scattered clouds
99,Monrovia,LR,2022-11-04 17:31:21,6.3005,-10.7969,80.67,79,58,7.83,broken clouds
100,Norvenich,DE,2022-11-04 17:31:21,50.8,6.65,51.19,89,75,5.75,broken clouds
101,Puerto Ayora,EC,2022-11-04 17:31:21,-0.7393,-90.3518,73.36,73,74,12.17,broken clouds
102,Sumter,US,2022-11-04 17:31:21,28.7086,-82.0831,85.14,63,0,12.8,clear sky
103,Oxford,GB,2022-11-04 17:31:21,51.7522,-1.256,50.49,85,20,6.91,few clouds
104,Thompson,CA,2022-11-04 17:31:21,55.7435,-97.8558,10.56,92,75,0.0,broken clouds
105,Ouesso,CG,2022-11-04 17:31:21,1.6136,16.0517,71.26,96,86,0.65,overcast clouds
106,Paamiut,GL,2022-11-04 17:31:21,61.994,-49.6678,29.73,84,100,28.97,overcast clouds
107,Lewisporte,CA,2022-11-04 17:31:21,49.2499,-55.0482,47.91,69,51,4.56,broken clouds
108,Port-Cartier,CA,2022-11-04 17:31:21,50.0334,-66.8654,46.62,72,89,10.54,overcast clouds
109,Tarata,BO,2022-11-04 17:31:21,-17.6167,-66.0167,80.02,11,0,10.47,clear sky
110,Bubaque,GW,2022-11-04 17:31:21,11.2833,-15.8333,83.95,54,84,4.9,broken clouds
111,East London,ZA,2022-11-04 17:31:21,-33.0153,27.9116,68.94,88,20,8.05,few clouds
112,Kalmunai,LK,2022-11-04 17:31:21,7.4167,81.8167,78.49,83,83,4.5,moderate rain
113,Turukhansk,RU,2022-11-04 17:31:21,65.8167,87.9833,4.05,95,91,6.89,overcast clouds
114,Iqaluit,CA,2022-11-04 17:31:21,63.7506,-68.5145,19.13,63,40,4.61,scattered clouds
115,Kantang,TH,2022-11-04 17:31:21,7.4054,99.5156,75.38,94,100,4.52,light rain
116,Coquimbo,CL,2022-11-04 17:31:21,-29.9533,-71.3436,60.53,67,75,11.5,broken clouds
117,Saldanha,ZA,2022-11-04 17:31:21,-33.0117,17.9442,64.45,95,49,9.53,scattered clouds
118,Saint-Pierre,RE,2022-11-04 17:31:21,-21.3393,55.4781,74.88,69,100,3.44,overcast clouds
119,Oriximina,BR,2022-11-04 17:31:21,-1.7656,-55.8661,87.84,52,99,3.2,overcast clouds
120,Kozhva,RU,2022-11-04 17:31:21,65.1073,57.0459,8.51,95,29,1.45,scattered clouds
121,Puerto Lempira,HN,2022-11-04 17:31:21,15.2667,-83.7667,86.14,70,40,4.61,scattered clouds
122,Pisco,PE,2022-11-04 17:31:21,-13.7,-76.2167,66.25,68,100,8.05,overcast clouds
123,Altamira,BR,2022-11-04 17:31:21,-3.2033,-52.2064,87.89,74,40,8.05,scattered clouds
124,Bykovo,RU,2022-11-04 17:31:21,55.6361,38.0803,34.41,86,100,4.47,overcast clouds
125,Ponta Delgada,PT,2022-11-04 17:31:21,37.7333,-25.6667,73.51,94,75,8.05,broken clouds
126,Henties Bay,NA,2022-11-04 17:31:21,-22.116,14.2845,60.42,85,0,5.61,clear sky
127,Mogadishu,SO,2022-11-04 17:31:21,2.0371,45.3438,78.69,81,26,10.98,scattered clouds
128,Reconquista,AR,2022-11-04 17:31:21,-29.15,-59.65,85.89,19,81,9.1,broken clouds
129,Harper,LR,2022-11-04 17:31:21,4.375,-7.7169,79.48,84,100,6.24,overcast clouds
130,Lebu,CL,2022-11-04 17:31:21,-37.6167,-73.65,58.44,75,98,9.53,overcast clouds
131,Blagoyevo,RU,2022-11-04 17:31:21,63.3667,47.9167,20.52,95,19,2.08,few clouds
132,Qaqortoq,GL,2022-11-04 17:31:21,60.7167,-46.0333,33.58,78,100,5.79,overcast clouds
133,Vestmannaeyjar,IS,2022-11-04 17:31:21,63.4427,-20.2734,45.59,93,100,24.16,overcast clouds
134,Assai,BR,2022-11-04 17:31:21,-23.3733,-50.8414,73.26,42,1,7.52,clear sky
135,Hofn,IS,2022-11-04 17:31:21,64.2539,-15.2082,39.22,65,20,9.22,few clouds
136,Nalut,LY,2022-11-04 17:31:21,30.3333,10.85,66.63,24,0,6.51,clear sky
137,Souillac,MU,2022-11-04 17:31:21,-20.5167,57.5167,73.78,88,40,2.3,scattered clouds
138,Cabedelo,BR,2022-11-04 17:31:21,-6.9811,-34.8339,86.67,69,77,13.65,broken clouds
139,Placido De Castro,BR,2022-11-04 17:31:21,-10.3353,-67.1856,93.29,12,79,5.57,broken clouds
140,Nacogdoches,US,2022-11-04 17:31:21,31.6002,-94.6335,79.57,84,100,11.5,overcast clouds
141,Neuquen,AR,2022-11-04 17:31:21,-38.9516,-68.0591,87.69,11,0,14.97,clear sky
142,Rio Gallegos,AR,2022-11-04 17:31:21,-51.6226,-69.2181,73.45,35,75,18.41,broken clouds
143,San-Pedro,CI,2022-11-04 17:31:21,4.7485,-6.6363,79.25,83,97,5.12,overcast clouds
144,Benjamin Constant,BR,2022-11-04 17:31:21,-4.3831,-70.0311,86.13,58,20,5.75,few clouds
145,Saint-Philippe,RE,2022-11-04 17:31:21,-21.3585,55.7679,74.79,81,91,6.15,overcast clouds
146,Goderich,CA,2022-11-04 17:31:21,43.7501,-81.7165,68.92,60,80,18.41,broken clouds
147,Bikramganj,IN,2022-11-04 17:31:21,25.2,84.25,70.05,57,0,2.01,clear sky
148,Comodoro Rivadavia,AR,2022-11-04 17:31:21,-45.8667,-67.5,76.86,22,0,5.75,clear sky
149,Plouzane,FR,2022-11-04 17:31:21,48.3833,-4.6167,50.32,79,0,6.91,clear sky
150,Djambala,CG,2022-11-04 17:31:21,-2.5447,14.7533,65.34,97,100,2.17,overcast clouds
151,Gurlan,UZ,2022-11-04 17:31:21,41.8447,60.3919,40.91,47,3,3.22,clear sky
152,Vytegra,RU,2022-11-04 17:31:21,61.0064,36.4481,32.27,90,98,0.81,overcast clouds
153,San Carlos De Bariloche,AR,2022-11-04 17:31:21,-41.1456,-71.3082,80.35,13,0,6.91,clear sky
154,Namibe,AO,2022-11-04 17:31:21,-15.1961,12.1522,68.45,72,63,12.41,broken clouds
155,Bambous Virieux,MU,2022-11-04 17:31:21,-20.3428,57.7575,73.65,88,40,2.3,scattered clouds
156,Tabou,CI,2022-11-04 17:31:21,4.423,-7.3528,79.48,83,100,6.13,overcast clouds
157,Diego De Almagro,CL,2022-11-04 17:31:21,-26.3667,-70.05,79.36,18,0,12.46,clear sky
158,Sovetskiy,RU,2022-11-04 17:31:21,61.3614,63.5842,22.19,95,43,6.31,scattered clouds
159,New Norfolk,AU,2022-11-04 17:31:21,-42.7826,147.0587,52.92,72,92,1.72,overcast clouds
160,Saint George,US,2022-11-04 17:31:21,37.1041,-113.5841,46.44,42,0,4.61,clear sky
161,Cururupu,BR,2022-11-04 17:31:21,-1.8283,-44.8683,85.86,63,90,5.64,overcast clouds
162,Amapa,BR,2022-11-04 17:31:21,1.0,-52.0,75.56,85,100,3.06,overcast clouds
163,Moose Factory,CA,2022-11-04 17:31:21,51.2585,-80.6094,39.2,93,100,9.22,mist
164,Matamoros,MX,2022-11-04 17:31:21,25.5333,-103.25,82.11,14,20,14.97,few clouds
165,Nizwa,OM,2022-11-04 17:31:21,22.9333,57.5333,75.24,30,59,2.33,broken clouds
166,Salekhard,RU,2022-11-04 17:31:21,66.53,66.6019,7.18,84,46,6.53,scattered clouds
167,Vardo,NO,2022-11-04 17:31:21,70.3705,31.1107,39.18,87,75,11.5,broken clouds
168,Irbit,RU,2022-11-04 17:31:21,57.6705,63.071,31.35,97,100,12.19,snow
169,Cockburn Town,TC,2022-11-04 17:31:21,21.4612,-71.1419,80.46,69,22,10.42,few clouds
170,Edwardsville,US,2022-11-04 17:31:21,38.8114,-89.9532,78.24,57,75,21.0,broken clouds
171,Qandala,SO,2022-11-04 17:31:21,11.472,49.8728,79.52,74,7,4.14,clear sky
172,Kommunisticheskiy,RU,2022-11-04 17:31:21,61.6789,64.4819,18.77,98,68,4.61,broken clouds
173,Clyde River,CA,2022-11-04 17:31:21,70.4692,-68.5914,8.83,72,100,10.36,overcast clouds
174,Ribeira Grande,PT,2022-11-04 17:31:21,38.5167,-28.7,68.77,94,75,14.97,broken clouds
175,Hobe Sound,US,2022-11-04 17:31:21,27.0595,-80.1364,85.98,66,40,14.97,scattered clouds
176,Ilmenau,DE,2022-11-04 17:31:21,50.6833,10.9,47.19,85,100,3.09,overcast clouds
177,Andenes,NO,2022-11-04 17:31:21,69.3143,16.1194,41.94,87,0,9.22,clear sky
178,Hobyo,SO,2022-11-04 17:31:21,5.3505,48.5268,81.01,70,40,11.03,scattered clouds
179,Porosozero,RU,2022-11-04 17:31:21,62.7191,32.727,32.23,84,94,3.04,overcast clouds
180,Visnes,NO,2022-11-04 17:31:21,59.3556,5.2242,48.25,87,75,16.11,light intensity drizzle rain
181,Ostrovnoy,RU,2022-11-04 17:31:21,68.0531,39.5131,35.89,96,90,14.32,overcast clouds
182,Sao Jose Da Coroa Grande,BR,2022-11-04 17:31:21,-8.8978,-35.1478,84.33,62,91,16.53,overcast clouds
183,Zwedru,LR,2022-11-04 17:31:21,6.0667,-8.1281,79.25,76,90,2.19,overcast clouds
184,Walvis Bay,NA,2022-11-04 17:31:21,-22.9575,14.5053,65.35,68,7,12.66,clear sky
185,Carnarvon,AU,2022-11-04 17:31:21,-24.8667,113.6333,66.79,74,0,23.13,clear sky
186,Iquitos,PE,2022-11-04 17:31:21,-3.7481,-73.2472,84.24,61,40,3.44,scattered clouds
187,Santa Cruz,BO,2022-11-04 17:31:21,-17.8,-63.1667,84.25,26,0,12.66,clear sky
188,Kutum,SD,2022-11-04 17:31:21,14.2,24.6667,73.65,18,100,5.66,overcast clouds
189,Tiznit,MA,2022-11-04 17:31:21,29.5833,-9.5,68.11,65,1,4.38,clear sky
190,Garoua,CM,2022-11-04 17:31:21,9.3,13.4,82.4,24,18,5.64,few clouds
191,Port-Gentil,GA,2022-11-04 17:31:21,-0.7193,8.7815,78.76,94,40,2.3,thunderstorm
192,Trofors,NO,2022-11-04 17:31:21,65.5333,13.4063,48.07,87,100,4.59,overcast clouds
193,Galle,LK,2022-11-04 17:31:21,6.0367,80.217,78.51,84,84,5.3,broken clouds
194,Sao Joao Da Barra,BR,2022-11-04 17:31:21,-21.6403,-41.0511,75.29,55,43,17.65,scattered clouds
195,Ottappalam,IN,2022-11-04 17:31:21,10.7667,76.3833,77.04,95,98,3.04,overcast clouds
196,Oltu,TR,2022-11-04 17:31:21,40.5498,42.0013,43.84,80,7,1.95,clear sky
197,Thinadhoo,MV,2022-11-04 17:31:21,0.5333,72.9333,81.27,79,85,12.59,overcast clouds
198,Margate,GB,2022-11-04 17:31:21,51.3813,1.3862,51.69,73,13,3.0,few clouds
199,Bayana,IN,2022-11-04 17:31:21,26.9,77.2833,75.87,45,0,4.83,clear sky
200,Mar Del Plata,AR,2022-11-04 17:31:21,-38.0023,-57.5575,69.84,74,0,23.02,light rain
201,Vila Franca Do Campo,PT,2022-11-04 17:31:21,37.7167,-25.4333,73.2,92,28,7.78,scattered clouds
202,Sioux Lookout,CA,2022-11-04 17:31:21,50.1001,-91.917,30.27,74,75,8.05,broken clouds
203,Hualmay,PE,2022-11-04 17:31:21,-11.0964,-77.6139,68.92,68,30,11.79,scattered clouds
204,Prado,BR,2022-11-04 17:31:21,-17.3411,-39.2208,71.1,71,100,15.3,overcast clouds
205,Khowst,AF,2022-11-04 17:31:21,33.3833,69.8833,61.43,49,94,2.46,overcast clouds
206,Upata,VE,2022-11-04 17:31:21,8.0086,-62.3989,75.9,80,100,7.43,overcast clouds
207,Serrinha,BR,2022-11-04 17:31:21,-11.6642,-39.0075,66.54,94,100,6.31,moderate rain
208,Bonfim,BR,2022-11-04 17:31:21,3.0833,-59.95,83.1,64,98,7.52,overcast clouds
209,Acajutla,SV,2022-11-04 17:31:21,13.5928,-89.8275,83.12,74,94,4.36,overcast clouds
210,Arenys De Mar,ES,2022-11-04 17:31:21,41.5819,2.5494,65.59,40,5,3.0,clear sky
211,Itainopolis,BR,2022-11-04 17:31:21,-7.4469,-41.4783,76.46,76,94,8.75,moderate rain
212,Itarema,BR,2022-11-04 17:31:21,-2.9248,-39.9167,86.49,54,51,12.19,broken clouds
213,Robertsport,LR,2022-11-04 17:31:21,6.7533,-11.3686,81.59,78,51,8.1,broken clouds
214,Maraba,BR,2022-11-04 17:31:21,-5.3686,-49.1178,78.98,89,75,8.05,broken clouds
215,Cidreira,BR,2022-11-04 17:31:21,-30.1811,-50.2056,66.07,61,70,10.36,broken clouds
216,Marsh Harbour,BS,2022-11-04 17:31:21,26.5412,-77.0636,78.06,68,56,19.08,broken clouds
217,Grand Gaube,MU,2022-11-04 17:31:21,-20.0064,57.6608,73.8,76,74,3.0,broken clouds
218,Lieksa,FI,2022-11-04 17:31:21,63.3167,30.0167,38.93,89,96,7.94,overcast clouds
219,Marquette,US,2022-11-04 17:31:21,46.5333,-87.6335,46.81,92,100,7.47,overcast clouds
220,Camana,PE,2022-11-04 17:31:21,-16.6228,-72.7111,67.82,69,24,8.37,few clouds
221,Krasnoselkup,RU,2022-11-04 17:31:21,65.7,82.4667,14.36,96,96,6.93,overcast clouds
222,Laela,TZ,2022-11-04 17:31:21,-8.5667,32.05,73.49,46,66,1.97,broken clouds
223,Albina,SR,2022-11-04 17:31:21,5.5,-54.05,83.61,69,100,2.19,overcast clouds
224,Yellowknife,CA,2022-11-04 17:31:21,62.456,-114.3525,14.56,85,75,13.8,light snow
225,Mezen,RU,2022-11-04 17:31:21,65.8522,44.24,32.18,92,100,6.46,overcast clouds
226,Povenets,RU,2022-11-04 17:31:21,62.8487,34.8262,30.56,89,68,3.56,broken clouds
227,Parauna,BR,2022-11-04 17:31:21,-16.9478,-50.4486,84.2,30,17,10.22,few clouds
228,Bengkulu,ID,2022-11-04 17:31:21,-3.8004,102.2655,75.09,90,100,4.07,moderate rain
229,Capitao Poco,BR,2022-11-04 17:31:21,-1.7464,-47.0594,78.06,86,100,2.21,moderate rain
230,Nara,JP,2022-11-04 17:31:21,34.6851,135.8049,52.5,69,6,1.03,clear sky
231,Husavik,IS,2022-11-04 17:31:21,66.0449,-17.3389,36.81,86,100,6.13,overcast clouds
232,Alberton,CA,2022-11-04 17:31:21,46.8168,-64.0654,62.73,60,97,14.14,overcast clouds
233,Mayor Pablo Lagerenza,PY,2022-11-04 17:31:21,-19.9309,-60.7718,89.35,20,0,5.57,clear sky
234,Kouango,CF,2022-11-04 17:31:21,4.9934,19.9619,78.01,73,88,2.75,overcast clouds
235,Madhogarh,IN,2022-11-04 17:31:21,26.276,79.1869,75.52,53,0,6.38,clear sky
236,Trifesti,RO,2022-11-04 17:31:21,47.45,27.5167,54.95,77,100,8.12,overcast clouds
237,Kuytun,RU,2022-11-04 17:31:21,54.3419,101.5036,29.39,98,100,3.53,light snow
238,Itupeva,BR,2022-11-04 17:31:21,-23.1531,-47.0578,73.04,40,75,11.5,broken clouds
239,Nuuk,GL,2022-11-04 17:31:21,64.1835,-51.7216,27.21,93,100,6.91,light snow
240,Coari,BR,2022-11-04 17:31:21,-4.085,-63.1414,85.98,52,79,4.16,broken clouds
241,Zaria,NG,2022-11-04 17:31:21,11.1113,7.7227,77.0,29,39,8.61,scattered clouds
242,Mehamn,NO,2022-11-04 17:31:21,71.0357,27.8492,40.95,87,40,6.91,scattered clouds
243,Saurimo,AO,2022-11-04 17:31:21,-9.6608,20.3916,66.87,92,57,1.61,moderate rain
244,Havre-Saint-Pierre,CA,2022-11-04 17:31:21,50.2334,-63.5986,46.76,71,75,2.3,broken clouds
245,Bathsheba,BB,2022-11-04 17:31:21,13.2167,-59.5167,79.41,83,75,23.02,broken clouds
246,Tura,IN,2022-11-04 17:31:21,25.5198,90.2201,65.43,88,0,3.76,clear sky
247,Corinto,GR,2022-11-04 17:31:21,37.9407,22.9573,62.89,58,0,2.06,clear sky
248,Edd,ER,2022-11-04 17:31:21,13.9297,41.6925,83.01,73,4,7.14,clear sky
249,Prieska,ZA,2022-11-04 17:31:21,-29.6641,22.7474,75.04,20,14,12.55,few clouds
250,Moron,AR,2022-11-04 17:31:21,-34.6534,-58.6198,77.81,52,0,10.22,clear sky
251,Itigi,TZ,2022-11-04 17:31:21,-5.7,34.4833,77.04,32,54,4.5,broken clouds
252,Koungheul,SN,2022-11-04 17:31:21,13.9833,-14.8,91.18,16,58,3.18,broken clouds
253,Dingle,PH,2022-11-04 17:31:21,10.9995,122.6711,75.92,93,26,6.4,scattered clouds
254,Tahoua,NE,2022-11-04 17:31:21,14.8888,5.2692,89.58,19,34,4.61,scattered clouds
255,Nokaneng,BW,2022-11-04 17:31:21,-19.6667,22.2667,72.59,63,57,9.37,light rain
256,Matara,LK,2022-11-04 17:31:21,5.9485,80.5353,76.42,90,90,4.27,overcast clouds
257,Chuy,UY,2022-11-04 17:31:21,-33.6971,-53.4616,64.78,53,39,12.03,scattered clouds
258,Cilaos,RE,2022-11-04 17:31:21,-21.1336,55.4719,61.34,97,95,3.38,light rain
259,Eten,PE,2022-11-04 17:31:21,-6.9081,-79.8642,71.85,56,0,13.8,clear sky
260,Madingou,CG,2022-11-04 17:31:21,-4.1536,13.55,75.22,89,91,3.22,light rain
261,La Palma,US,2022-11-04 17:31:21,33.8464,-118.0467,67.77,44,0,1.99,clear sky
262,Hamilton,US,2022-11-04 17:31:21,39.1834,-84.5333,75.4,57,0,16.11,clear sky
263,Gualeguay,AR,2022-11-04 17:31:21,-33.1416,-59.3097,83.37,19,0,11.74,clear sky
264,Gat,IL,2022-11-04 17:31:21,31.61,34.7642,68.81,100,60,8.39,broken clouds
265,Barentu,ER,2022-11-04 17:31:21,15.1139,37.5928,80.37,35,0,9.66,clear sky
266,Prestea,GH,2022-11-04 17:31:21,5.4327,-2.1428,77.72,87,100,5.77,moderate rain
267,Touros,BR,2022-11-04 17:31:21,-5.1989,-35.4608,84.2,64,61,10.16,broken clouds
268,Humaita,BR,2022-11-04 17:31:21,-7.5061,-63.0208,94.1,27,77,4.52,broken clouds
269,Geraldton,AU,2022-11-04 17:31:21,-28.7667,114.6,59.41,77,0,14.97,clear sky
270,Prijepolje,RS,2022-11-04 17:31:21,43.3719,19.6406,56.21,76,100,6.49,overcast clouds
271,Oyem,GA,2022-11-04 17:31:21,1.5995,11.5793,68.27,95,99,2.89,light rain
272,Normal,US,2022-11-04 17:31:21,40.5142,-88.9906,72.34,81,100,27.63,overcast clouds
273,Alta Floresta,BR,2022-11-04 17:31:21,-9.8756,-56.0861,87.62,48,40,4.61,scattered clouds
274,Yenagoa,NG,2022-11-04 17:31:21,4.9247,6.2642,78.37,86,74,4.74,light rain
275,Zelenets,RU,2022-11-04 17:31:21,61.8849,50.7489,28.65,93,73,2.93,broken clouds
276,Asyut,EG,2022-11-04 17:31:21,27.181,31.1837,73.58,39,0,9.86,clear sky
277,West Bay,KY,2022-11-04 17:31:21,19.3667,-81.4167,87.87,68,20,14.97,few clouds
278,Ulvila,FI,2022-11-04 17:31:21,61.4284,21.871,44.67,93,100,6.91,light intensity drizzle
279,Abalak,RU,2022-11-04 17:31:21,58.1286,68.5944,33.66,97,100,10.92,snow
280,Darab,IR,2022-11-04 17:31:21,28.7519,54.5444,65.53,66,73,6.73,broken clouds
281,Torbay,CA,2022-11-04 17:31:21,47.6666,-52.7314,53.38,70,75,12.66,broken clouds
282,Werda,BW,2022-11-04 17:31:21,-25.2667,23.2833,80.1,13,54,10.78,broken clouds
283,Nuzvid,IN,2022-11-04 17:31:21,16.7833,80.85,77.85,93,2,3.2,clear sky
284,Ambilobe,MG,2022-11-04 17:31:21,-13.2,49.05,73.54,69,24,3.22,few clouds
285,Turayf,SA,2022-11-04 17:31:21,31.6725,38.6637,64.65,42,0,4.61,clear sky
286,Saint-Francois,FR,2022-11-04 17:31:21,46.4154,3.9054,45.84,94,75,6.91,broken clouds
287,Elat,IL,2022-11-04 17:31:21,29.5581,34.9482,75.04,35,9,12.66,haze
288,Chicama,PE,2022-11-04 17:31:21,-7.8447,-79.1469,63.14,56,46,10.29,scattered clouds
289,Bentiu,SS,2022-11-04 17:31:21,9.2333,29.8333,80.89,36,8,4.65,clear sky
290,Jijiga,ET,2022-11-04 17:31:21,9.35,42.8,71.01,56,86,11.88,overcast clouds
291,Ponta Do Sol,PT,2022-11-04 17:31:21,32.6667,-17.1,75.0,86,28,1.19,scattered clouds
292,Jolalpan,MX,2022-11-04 17:31:21,18.325,-98.8417,84.76,47,4,4.0,clear sky
293,Rengali,IN,2022-11-04 17:31:21,21.6333,84.05,68.14,59,0,0.74,clear sky
294,Necochea,AR,2022-11-04 17:31:21,-38.5473,-58.7368,74.08,36,0,12.26,clear sky
295,Kasese,UG,2022-11-04 17:31:21,0.1833,30.0833,67.68,90,98,4.29,overcast clouds
296,Awbari,LY,2022-11-04 17:31:21,26.5921,12.7805,68.5,36,5,4.16,clear sky
297,Jvari,GE,2022-11-04 17:31:21,42.7169,42.052,49.46,93,94,2.1,overcast clouds
298,Porangatu,BR,2022-11-04 17:31:21,-13.4408,-49.1486,84.94,52,42,2.46,scattered clouds
299,Shelburne,CA,2022-11-04 17:31:21,44.0787,-80.2041,68.76,63,91,17.45,overcast clouds
300,Saint-Augustin,CA,2022-11-04 17:31:21,51.226,-58.6502,40.51,70,96,6.53,overcast clouds
301,Vallenar,CL,2022-11-04 17:31:21,-28.5708,-70.7581,80.49,25,77,10.0,broken clouds
302,Hami,CN,2022-11-04 17:31:21,42.8,93.45,46.15,21,40,4.25,scattered clouds
303,Fougamou,GA,2022-11-04 17:31:21,-1.2154,10.5838,74.5,92,94,1.03,overcast clouds
304,Saint-Leu,RE,2022-11-04 17:31:21,-21.15,55.2833,74.26,78,77,5.55,broken clouds
305,Axim,GH,2022-11-04 17:31:21,4.8699,-2.2405,79.79,83,93,6.02,overcast clouds
306,Puerto Rondon,CO,2022-11-04 17:31:21,6.2805,-71.1,81.91,58,83,9.37,broken clouds
307,Ancud,CL,2022-11-04 17:31:21,-41.8697,-73.8203,57.79,78,69,9.08,broken clouds
308,Mumbwa,ZM,2022-11-04 17:31:21,-14.9783,27.0619,67.93,82,68,6.42,moderate rain
309,Viedma,AR,2022-11-04 17:31:21,-40.8135,-62.9967,87.49,13,92,21.61,overcast clouds
310,Uch,FR,2022-11-04 17:31:21,45.3192,-0.9345,56.46,61,74,12.15,broken clouds
311,Riyadh,SA,2022-11-04 17:31:21,24.6877,46.7219,75.34,36,83,12.03,broken clouds
312,Vicksburg,US,2022-11-04 17:31:21,32.3526,-90.8779,80.33,67,75,13.8,broken clouds
313,Taseyevo,RU,2022-11-04 17:31:21,57.2169,94.8978,23.92,97,75,2.53,broken clouds
314,Inta,RU,2022-11-04 17:31:21,66.0317,60.1659,7.11,93,15,4.65,few clouds
315,Salumbar,IN,2022-11-04 17:31:21,24.1333,74.05,76.53,34,0,4.18,clear sky
316,Kismayo,SO,2022-11-04 17:31:21,-0.3582,42.5454,78.53,79,89,9.6,overcast clouds
317,Ambovombe,MG,2022-11-04 17:31:21,-25.1667,46.0833,71.01,89,99,19.95,overcast clouds
318,Lubango,AO,2022-11-04 17:31:21,-14.9172,13.4925,64.24,58,91,6.55,overcast clouds
319,Havelock,US,2022-11-04 17:31:21,34.8791,-76.9013,78.98,78,40,5.99,scattered clouds
320,Naron,ES,2022-11-04 17:31:21,43.5167,-8.1528,60.03,73,97,1.48,overcast clouds
321,Erzin,TR,2022-11-04 17:31:21,36.9559,36.2,63.63,68,0,2.42,clear sky
322,Strezhevoy,RU,2022-11-04 17:31:21,60.7333,77.5889,31.95,95,96,6.69,overcast clouds
323,Alakurtti,RU,2022-11-04 17:31:21,66.9672,30.3491,36.05,99,100,3.83,overcast clouds
324,Cuamba,MZ,2022-11-04 17:31:21,-14.8031,36.5372,75.31,68,87,4.23,overcast clouds
325,Port Blair,IN,2022-11-04 17:31:21,11.6667,92.75,80.64,74,20,2.3,mist
326,Birsk,RU,2022-11-04 17:31:21,55.4211,55.5428,25.05,93,16,4.12,few clouds
327,Calama,CL,2022-11-04 17:31:21,-22.4667,-68.9333,73.89,6,0,21.85,clear sky
328,Weligama,LK,2022-11-04 17:31:21,5.9667,80.4167,76.87,89,88,4.65,overcast clouds
329,Lisakovsk,KZ,2022-11-04 17:31:21,52.5369,62.4936,29.82,94,100,21.39,light snow
330,Lakhimpur,IN,2022-11-04 17:31:21,27.95,80.7667,70.21,68,0,4.52,clear sky
331,Frontera,MX,2022-11-04 17:31:21,26.9333,-101.45,87.33,54,0,1.99,clear sky
332,Nowy Tomysl,PL,2022-11-04 17:31:21,52.3195,16.1284,50.25,83,100,1.54,overcast clouds
333,Ler,SS,2022-11-04 17:31:21,8.3018,30.1418,79.43,42,5,3.98,clear sky
334,Virbhadra,IN,2022-11-04 17:31:21,30.0712,78.2819,66.33,80,4,4.83,clear sky
335,Cambrils,ES,2022-11-04 17:31:21,41.0748,1.0524,65.71,49,0,20.71,clear sky
336,Ponnani,IN,2022-11-04 17:31:21,10.767,75.9252,76.32,86,100,3.29,moderate rain
337,Grand-Santi,GF,2022-11-04 17:31:21,4.25,-54.3833,84.49,63,98,3.36,light rain
338,Baykit,RU,2022-11-04 17:31:21,61.67,96.37,8.6,99,95,2.33,overcast clouds
339,Acarau,BR,2022-11-04 17:31:21,-2.8856,-40.12,86.38,54,38,14.25,scattered clouds
340,Mana,GF,2022-11-04 17:31:21,5.6592,-53.7767,82.11,73,100,6.73,overcast clouds
341,Bristol,US,2022-11-04 17:31:21,41.8334,-71.1662,72.3,67,6,8.01,clear sky
342,Beloha,MG,2022-11-04 17:31:21,-25.1667,45.05,70.39,82,69,18.12,broken clouds
343,Sioux Falls,US,2022-11-04 17:31:21,43.55,-96.7003,39.09,66,20,8.05,few clouds
344,La Libertad,EC,2022-11-04 17:31:21,-2.2333,-80.9,71.26,78,100,11.5,overcast clouds
345,Barhi,IN,2022-11-04 17:31:21,23.9,80.8,68.65,61,0,2.8,clear sky
346,Isoka,ZM,2022-11-04 17:31:21,-10.1606,32.6335,74.84,33,87,3.49,overcast clouds
347,Karlstad,SE,2022-11-04 17:31:21,59.3793,13.5036,48.76,84,100,12.66,overcast clouds
348,Kamenka,RU,2022-11-04 17:31:21,51.3223,42.7678,34.18,99,100,2.8,light snow
349,Adrar,MR,2022-11-04 17:31:21,20.5022,-10.0711,81.09,12,0,10.31,clear sky
350,Uusikaupunki,FI,2022-11-04 17:31:21,60.8004,21.4084,43.41,91,34,12.53,scattered clouds
351,Puerto Madryn,AR,2022-11-04 17:31:21,-42.7692,-65.0385,82.94,19,26,28.81,scattered clouds
352,Pirgos,GR,2022-11-04 17:31:21,35.1167,25.7178,65.62,71,0,5.01,clear sky
353,Maradi,NE,2022-11-04 17:31:21,13.5,7.1017,88.02,20,27,6.91,scattered clouds
354,Cap Malheureux,MU,2022-11-04 17:31:21,-19.9842,57.6142,73.47,76,75,1.99,broken clouds
355,Shetpe,KZ,2022-11-04 17:31:21,44.1667,52.1167,42.66,72,83,1.68,broken clouds
356,Pochutla,MX,2022-11-04 17:31:21,15.7432,-96.4661,87.62,60,10,6.98,clear sky
357,Tonantins,BR,2022-11-04 17:31:21,-2.8731,-67.8022,88.29,46,51,3.0,broken clouds
358,Manta,EC,2022-11-04 17:31:21,-0.95,-80.7333,80.38,65,20,13.8,few clouds
359,Teya,RU,2022-11-04 17:31:21,60.3778,92.6267,24.24,98,100,2.08,overcast clouds
360,Lourdes,FR,2022-11-04 17:31:21,43.1,-0.05,50.92,93,75,9.22,broken clouds
361,Roatan,HN,2022-11-04 17:31:21,16.3244,-86.5366,84.34,74,20,14.97,few clouds
362,Kodumudi,IN,2022-11-04 17:31:21,11.0775,77.8836,73.9,91,45,4.16,scattered clouds
363,Gazojak,TM,2022-11-04 17:31:21,41.1875,61.4036,48.4,61,7,6.62,clear sky
364,Santiago De Cuba,CU,2022-11-04 17:31:21,20.0247,-75.8219,87.91,48,20,10.36,few clouds
365,Sakakah,SA,2022-11-04 17:31:21,29.9697,40.2064,71.17,33,63,9.8,broken clouds
366,Zahir Pir,PK,2022-11-04 17:31:21,28.8124,70.524,78.06,24,4,2.55,clear sky
367,Saint Anthony,US,2022-11-04 17:31:21,45.0205,-93.218,40.66,79,100,10.36,overcast clouds
368,Tambopata,PE,2022-11-04 17:31:21,-12.7333,-69.1833,87.69,33,0,5.75,clear sky
369,Tarauaca,BR,2022-11-04 17:31:21,-8.1614,-70.7656,91.35,22,36,4.05,scattered clouds
370,Lethem,GY,2022-11-04 17:31:21,3.3803,-59.7968,82.49,66,99,7.61,overcast clouds
371,Rudsar,IR,2022-11-04 17:31:21,37.1376,50.288,60.78,77,6,7.02,clear sky
372,Jiuquan,CN,2022-11-04 17:31:21,39.7432,98.5174,35.42,41,83,4.16,broken clouds
373,Guiratinga,BR,2022-11-04 17:31:21,-16.3494,-53.7583,88.32,24,1,5.37,clear sky
374,Attert,BE,2022-11-04 17:31:21,49.7512,5.7852,48.9,89,100,6.8,overcast clouds
375,Xuddur,SO,2022-11-04 17:31:21,4.1213,43.8894,78.1,66,94,2.84,light rain
376,Ust-Tsilma,RU,2022-11-04 17:31:21,65.441,52.1498,10.74,97,52,2.3,broken clouds
377,Mahibadhoo,MV,2022-11-04 17:31:21,3.7833,72.9667,81.21,76,62,9.91,broken clouds
378,Samoded,RU,2022-11-04 17:31:21,63.6083,40.5111,21.83,98,40,2.95,scattered clouds
379,Presidencia Roque Saenz Pena,AR,2022-11-04 17:31:21,-26.7852,-60.4388,89.1,16,61,7.7,broken clouds
380,Nizhnyaya Poyma,RU,2022-11-04 17:31:21,56.1622,97.1933,25.11,98,89,3.53,overcast clouds
381,Mahenge,TZ,2022-11-04 17:31:21,-8.6833,36.7167,72.0,50,10,7.58,clear sky
382,Dodoma,TZ,2022-11-04 17:31:21,-6.1722,35.7395,78.94,32,78,12.19,broken clouds
383,Hammerfest,NO,2022-11-04 17:31:21,70.6634,23.6821,41.45,81,75,6.91,broken clouds
384,Agarak,AM,2022-11-04 17:31:21,39.2068,46.5446,44.92,80,72,1.95,broken clouds
385,Enid,US,2022-11-04 17:31:21,36.3956,-97.8784,42.48,93,100,26.46,light rain
